Tweets Ago,Name,Time,Tweet,Compound Score,Positive Score,Negative Score,Neutral Score
1,@BBC,Tue Mar 13 18:30:05 +0000 2018,"Microplastics are littering riverbeds across the UK, with hundreds of thousands of plastic particles per square met‚Ä¶ https://t.co/cGhDdnQrTm",0.0,0.0,0.0,1.0
2,@BBC,Tue Mar 13 17:30:06 +0000 2018,‚ù§Ô∏èüíÉüèª Ballet is STILL the love of Joyce's life at 98-years-old! https://t.co/nzr3Jy1wbS,0.6696,0.29,0.0,0.71
3,@BBC,Tue Mar 13 17:16:46 +0000 2018,"RT @bbcthree: ""No one needs airbags because you've got two"" 

.... and others things not to say to people who've had cosmetic procedures ht‚Ä¶",-0.296,0.0,0.087,0.913
4,@BBC,Tue Mar 13 17:13:13 +0000 2018,"RT @BBCR1: Now we have a trailer for #FantasticBeasts: The Crimes of Grindelwald, please can we take a moment to discuss Eddie Redmanyne's‚Ä¶",0.3182,0.103,0.0,0.897
5,@BBC,Tue Mar 13 17:02:28 +0000 2018,"RT @bbcwritersroom: #Networking, a necessary evil - and why you've got to learn to embrace it! 

Check out @PhilipShelley1's latest blog fo‚Ä¶",-0.5255,0.092,0.188,0.72
6,@BBC,Tue Mar 13 14:00:22 +0000 2018,"From making serious science genuinely popular to his sense of humour, here are seven reasons we ‚ù§Ô∏è Stephen Hawking.‚Ä¶ https://t.co/zWNEpoOttE",0.6808,0.244,0.054,0.702
7,@BBC,Tue Mar 13 13:00:08 +0000 2018,üé® This scheme to recycle unused paint has saved hundreds of tons of leftovers from ending up in landfill. https://t.co/Y6oau3hK0s,0.4215,0.135,0.0,0.865
8,@BBC,Tue Mar 13 12:26:59 +0000 2018,üôÖüíå Fans of #KPop boyband #BigBang have been asked to stop sending fan mail to @IBGDRGN at the army base where he's‚Ä¶ https://t.co/Swh0KwypL7,0.0258,0.09,0.086,0.824
9,@BBC,Tue Mar 13 12:03:24 +0000 2018,"RT @bbcouch: During the Winter Olympics people across Britain were swept away by curling. And Aileen Neilson, captain of @ParalympicsGB‚Äôs c‚Ä¶",0.0,0.0,0.0,1.0
10,@BBC,Tue Mar 13 12:00:09 +0000 2018,"Shakespeare's plays are famous around the world, yet much about the playwright is still a mystery. 

Here's what we‚Ä¶ https://t.co/McqCcs3mMj",0.25,0.1,0.0,0.9
11,@BBC,Tue Mar 13 11:28:09 +0000 2018,"RT @bbcthree: ""Underwater you feel nothing. You're at peace with yourself.""  #perfectday2018 https://t.co/zHpEQSzk4H",-0.431,0.0,0.192,0.808
12,@BBC,Tue Mar 13 11:26:58 +0000 2018,"RT @BBCiPlayer: Renowned shop owner and music producer, Blacker Dread, was amongst the first pioneers of sound system culture in the UK üáØüá≤‚Ä¶",-0.4588,0.0,0.12,0.88
13,@BBC,Tue Mar 13 09:00:06 +0000 2018,"ü§î Are we really born to prefer 'boys' or 'girls' toys? 

üêí The answer might lie with monkeys... https://t.co/oI014dsJHD",0.0,0.0,0.0,1.0
14,@BBC,Tue Mar 13 08:30:07 +0000 2018,"üó£ Accents can be subject to subtle forms of prejudice, but does that mean some are more appealing and trustworthy t‚Ä¶ https://t.co/BgEMXgEzSr",0.6304,0.2,0.081,0.718
15,@BBC,Tue Mar 13 08:00:03 +0000 2018,Marianne's search for her missing daughter could be straight out of the film #ThreeBillboards. https://t.co/dph6hhzlXi,-0.0772,0.111,0.129,0.76
16,@BBC,Mon Mar 12 20:17:27 +0000 2018,"RT @BBCOne: ‚ù§Ô∏è Edina, but kind of glad she's not our mum. https://t.co/lQINpsfQuA",0.5515,0.229,0.0,0.771
17,@BBC,Mon Mar 12 20:16:22 +0000 2018,"RT @BBCnireland: Christopher suffered a severe, life-changing, brain injury. It changed his life and the life of his family. True North: My‚Ä¶",-0.7003,0.099,0.303,0.599
18,@BBC,Mon Mar 12 19:23:01 +0000 2018,üåä These three women are leading the way in ocean exploration. https://t.co/qwkMRVMiNl,0.2263,0.16,0.0,0.84
19,@BBC,Mon Mar 12 18:30:06 +0000 2018,"üóìü•ó A week‚Äôs worth of veggie dishes from @ChefTomKerridge, @NigelSlater, @Nigella_Lawson and The @HairyBikers.
üëâ‚Ä¶ https://t.co/VvTZRToT6L",0.2263,0.119,0.0,0.881
20,@BBC,Mon Mar 12 17:30:05 +0000 2018,"'There's nothing in the dictionary for that.'

üé∂‚ù§Ô∏è The amazing moment eight London teens hear an opera singer in th‚Ä¶ https://t.co/J448SabIeC",0.5859,0.16,0.0,0.84
21,@BBC,Mon Mar 12 16:44:15 +0000 2018,"RT @BBCTwo: Meet Marshaal and Amal, two of just six women working at this hotel in Oman.

#AmazingHotels #IWD2018 https://t.co/5zdDAFBrZ9",0.0,0.0,0.0,1.0
22,@BBC,Mon Mar 12 16:24:52 +0000 2018,"RT @BBCOne: To celebrate the life of the amazing Ken Dodd, tonight we will be showing:

22:45 - Arena: Ken Dodd's Happiness
23:45 - Talking‚Ä¶",0.9022,0.357,0.0,0.643
23,@BBC,Mon Mar 12 16:17:43 +0000 2018,RT @BBCnireland: AMAZING OPPORTUNITY: We're looking for female directors aged 18-30. Could you make a short film for BBC NI &amp; @bbcartsshow?‚Ä¶,0.8429,0.298,0.0,0.702
24,@BBC,Mon Mar 12 16:07:16 +0000 2018,"üò± @Beyonce and Jay-Z are going on a joint tour called On The Run II, it has finally been confirmed. 
üëâ‚Ä¶ https://t.co/sG72fSqfRi",0.0,0.0,0.0,1.0
25,@BBC,Mon Mar 12 15:55:51 +0000 2018,"RT @BBCR1: ""Who is your least favourite Carpool Karaoke guest?""
 
@JKCorden always asks difficult questions... So @grimmers let celebs get‚Ä¶",-0.3612,0.0,0.116,0.884
26,@BBC,Mon Mar 12 14:00:09 +0000 2018,"üòï Binoculars, wet wipes, glue, and other confusingly gendered products...
üëâ https://t.co/iDxK2oSX4R https://t.co/5NxTrzbdb3",-0.34,0.0,0.194,0.806
27,@BBC,Mon Mar 12 13:30:45 +0000 2018,"French fashion designer Hubert de Givenchy, who created famous looks for Audrey Hepburn and Jackie Kennedy, has die‚Ä¶ https://t.co/UuWcTZ46c2",0.25,0.1,0.0,0.9
28,@BBC,Mon Mar 12 13:27:27 +0000 2018,"RT @BBCBreakfast: Let's settle this... Which goes first on a scone, cream or jam? 

@MrDanWalker thinks it should be #jamfirst but @LouiseM‚Ä¶",0.0,0.0,0.0,1.0
29,@BBC,Mon Mar 12 12:59:05 +0000 2018,'Our clothes can be a sixth sense.' https://t.co/DiN7gnxlon,0.0,0.0,0.0,1.0
30,@BBC,Mon Mar 12 12:46:06 +0000 2018,RT @BBCR1: .@thegreatkhalid gives all the goosebumps with his Live Lounge cover of Tracy Chapman's 'Fast Car' ‚≠êÔ∏è‚ú® https://t.co/03fLgeKklj,0.0,0.0,0.0,1.0
31,@BBC,Mon Mar 12 12:40:39 +0000 2018,"RT @bbccomedy: In a nutshell, it's a foregone conclusion that you'll accidentally quote the big man during #ShakespeareWeek. The son of a b‚Ä¶",-0.34,0.0,0.112,0.888
32,@BBC,Mon Mar 12 12:19:24 +0000 2018,RT @BBCWorld: Miami nightclub shut over horse stunt https://t.co/j4SjWAyDWo,0.0,0.0,0.0,1.0
33,@BBC,Mon Mar 12 12:00:09 +0000 2018,"üé≠ If you‚Äôve ever been ‚Äòin a pickle‚Äô, waited ‚Äòwith bated breath‚Äô, or gone on ‚Äòa wild goose chase‚Äô, then you‚Äôve been‚Ä¶ https://t.co/iAh1LB98DU",0.0,0.0,0.0,1.0
34,@BBC,Mon Mar 12 10:58:16 +0000 2018,"RT @BBCFOUR: Two common hair straightener temperatures: one's fine, but the other will destroy your hair... https://t.co/BEaLyTWdzy",-0.6542,0.066,0.225,0.709
35,@BBC,Mon Mar 12 10:55:19 +0000 2018,"RT @bbcthree: ""It's great to go to the court knowing there's no ban... I'm still able to practice my faith while playing basketball.""  #per‚Ä¶",0.7579,0.282,0.071,0.647
36,@BBC,Mon Mar 12 10:52:55 +0000 2018,"RT @BBCNewsround: Have you been using emojis wrong this whole time? üôàYep, apparently there's an official definition now! https://t.co/Xiwan‚Ä¶",-0.5255,0.0,0.159,0.841
37,@BBC,Mon Mar 12 09:58:30 +0000 2018,"üíî Sir Ken Dodd, creator of the Diddy Men and one of the most popular comedians of his time, has died aged 90.
üëâ‚Ä¶ https://t.co/Yw0hzqKjyK",0.2433,0.185,0.119,0.696
38,@BBC,Mon Mar 12 09:00:06 +0000 2018,Is this a 'luxury prison' or the best way to prepare offenders for life outside? https://t.co/uqQZwyCC6S,-0.1531,0.191,0.264,0.545
39,@BBC,Mon Mar 12 08:30:04 +0000 2018,"üç† Poor, rural societies which ate high-quality, local foods had the best diet and health in mid-Victorian Britain.‚Ä¶ https://t.co/P4N0lA74ch",0.2732,0.18,0.133,0.687
40,@BBC,Mon Mar 12 08:00:05 +0000 2018,3 out of 4 parents wouldn‚Äôt be able to save their baby from choking. https://t.co/pxYSvLtkBN,0.0516,0.186,0.174,0.64
41,@BBC,Sun Mar 11 21:39:32 +0000 2018,"RT @bbcthree: ""I felt completely overwhelmed and amazed as soon as he was put on my chest."" https://t.co/3FOgymPjhQ",0.6068,0.237,0.0,0.763
42,@BBC,Sun Mar 11 21:22:19 +0000 2018,"üé§‚ú® Catch the best performances, exclusive backstage footage and photos from #AsianNetworkLive2018 at‚Ä¶ https://t.co/nWlJnU6AX9",0.6908,0.322,0.0,0.678
43,@BBC,Sun Mar 11 21:02:37 +0000 2018,"RT @BBCOne: Here's to the memories. ‚ù§Ô∏è
Thank you for watching #CallTheMidwife with us. https://t.co/G1h78O8Qya",0.3612,0.152,0.0,0.848
44,@BBC,Sun Mar 11 20:00:07 +0000 2018,"Join host @TessDaly for a very special event honouring one of this country's biggest and best-loved entertainers, S‚Ä¶ https://t.co/Cym8TQlXhE",0.861,0.43,0.0,0.57
45,@BBC,Sun Mar 11 19:54:20 +0000 2018,"RT @bbcouch: ‚ÄòI couldn‚Äôt reach Millie in her toughest year‚Äô

@knight_millie may be celebrating her second silver medal at the Winter Paraly‚Ä¶",0.765,0.29,0.048,0.662
46,@BBC,Sun Mar 11 19:52:28 +0000 2018,RT @bbcsoutheast: It‚Äôs with great sadness we have to report that our sports reporter Neil Bell passed away in the early hours of Sunday mor‚Ä¶,0.296,0.137,0.097,0.767
47,@BBC,Sun Mar 11 19:51:36 +0000 2018,RT @BBCBreakfast: Mary Beard's documentaries about the Romans have brought their ancient world to life - now she's turning her hand to the‚Ä¶,0.4939,0.132,0.0,0.868
48,@BBC,Sun Mar 11 19:51:25 +0000 2018,"RT @BBCiPlayer: I will not allow that man...that nobody...to kill my brother twice. #ACSVersace, now on BBC iPlayer: https://t.co/M1ixQKBH3‚Ä¶",-0.7481,0.0,0.285,0.715
49,@BBC,Sun Mar 11 19:51:12 +0000 2018,RT @BBCOne: Mums have to put up with some right rubbish. https://t.co/mN7f23pPub,0.0,0.0,0.0,1.0
50,@BBC,Sun Mar 11 19:50:11 +0000 2018,RT @BBCSpringwatch: Actual Mother's Day sibling selfie üòòüë©‚Äçüëß‚Äçüë¶  #selfie #mothersday #motheringsunday #sunday #winterwatch #wildlife #littleo‚Ä¶,0.0,0.0,0.0,1.0
51,@BBC,Sun Mar 11 19:49:56 +0000 2018,RT @cbbc: Tanya Muzinda is on a mission to conquer the motocross world. Follow her story Monday 5.30pm üèçÔ∏èüí™ https://t.co/Z9w1GJZS45,0.0,0.0,0.0,1.0
52,@BBC,Sun Mar 11 19:00:03 +0000 2018,"'That was the end of my childhood.'

üíîMoney saving expert @MartinSLewis opens up about the death of his mum, three‚Ä¶ https://t.co/zFdD7gDBmH",-0.5994,0.0,0.163,0.837
53,@BBC,Sun Mar 11 18:00:15 +0000 2018,‚ù§Ô∏è These creations are helping to comfort children during their cancer treatment. https://t.co/qque7xnzNx,0.2263,0.353,0.213,0.435
54,@BBC,Sun Mar 11 17:02:03 +0000 2018,üêë Ewe won't believe how this farmer revives frozen little lambs.  https://t.co/z1UvoIiRXY,0.3818,0.206,0.0,0.794
55,@BBC,Sun Mar 11 16:55:19 +0000 2018,"RT @BBCMOTD: John Motson in his element during his last ever LIVE commentary (would you believe it?!)
50 years as a commentatorüéô
10 World C‚Ä¶",0.0,0.0,0.0,1.0
56,@BBC,Sun Mar 11 16:00:04 +0000 2018,"By 2050, 30-50% of all species could be heading towards extinction. https://t.co/2TYrhIiBIw",0.0,0.0,0.0,1.0
57,@BBC,Sun Mar 11 15:01:05 +0000 2018,üóëüöÄ Tomorrow‚Äôs space scientists will have to deal with a monumental amount of space junk left from previous spacecra‚Ä¶ https://t.co/IJTpc5TBsd,0.0,0.0,0.0,1.0
58,@BBC,Sun Mar 11 14:43:09 +0000 2018,"RT @5liveSport: For the final time...

The legendary John Motson is in our commentary box üéôÔ∏è‚öΩÔ∏è

He'll be commentating on #Arsenal vs #Watfo‚Ä¶",0.0,0.0,0.0,1.0
59,@BBC,Sun Mar 11 14:00:04 +0000 2018,Making fake videos just got easier. https://t.co/VSP9bwHVNZ,-0.0772,0.257,0.284,0.459
60,@BBC,Sun Mar 11 12:33:04 +0000 2018,"Captain America teams up with Black Widow to get to the bottom of a conspiracy. üî•üí™üá∫üá∏

Captain America: The Winter S‚Ä¶ https://t.co/yDWYJRUgGi",-0.5267,0.0,0.145,0.855
61,@BBC,Sun Mar 11 12:00:03 +0000 2018,üöê Meet Om Abdullah - Egypt's first official female minibus driver. https://t.co/Z4fmE1k5ph,0.0,0.0,0.0,1.0
62,@BBC,Sun Mar 11 11:31:52 +0000 2018,"RT @BBCSport: We're not emotionally ready for this.

John Motson will deliver his final live BBC commentary today.

More detailsüëá
https://t‚Ä¶",-0.2755,0.0,0.095,0.905
63,@BBC,Sun Mar 11 11:10:49 +0000 2018,"RT @CBeebiesHQ: Doesn't matter if your family has:

One Mumüë©‚Äçüë¶

Two Mums üë©‚Äçüë©‚Äçüëß‚Äçüëß

A Grandmum üëµüèº

... they all want a lie-in!

#HappyMothers‚Ä¶",0.1326,0.073,0.05,0.877
64,@BBC,Sun Mar 11 10:32:04 +0000 2018,"üç∞ Surprise your mum with a homemade treat this #MothersDay ‚Äì from easy cupcakes to luscious layer cakes.
üëâ‚Ä¶ https://t.co/p7n5lo2ziD",0.7717,0.355,0.0,0.645
65,@BBC,Sun Mar 11 10:24:05 +0000 2018,"RT @BBCScotland: Undercover filming reveals Scotland's growing 'bag' problem.

See more from #ShortStuff -  https://t.co/orhxUmskEd 

#come‚Ä¶",-0.25,0.098,0.155,0.747
66,@BBC,Sun Mar 11 10:05:01 +0000 2018,üê∑ Blossom the pig can sit on command! https://t.co/mRGtuk0zqh,0.0,0.0,0.0,1.0
67,@BBC,Sun Mar 11 10:02:15 +0000 2018,"RT @BBC6Music: üéÇ 6 Music launched 16 years ago today. 

When you turned 16, which album did you think was a masterpiece? Do you still love‚Ä¶",0.6808,0.211,0.0,0.789
68,@BBC,Sun Mar 11 09:38:23 +0000 2018,"RT @1Xtra: The new breed a dancehall artist @thebellablair performs for @davidrodigan #1XtraJamaica 

üì∫‚ñ∂ https://t.co/MrnHDz2ZyL https://t.‚Ä¶",0.0,0.0,0.0,1.0
69,@BBC,Sun Mar 11 09:35:38 +0000 2018,"RT @BBCRadio3: ""To my first Love, my Mother, on whose knee
I learnt love-lore that is not troublesome""
Christina Rossetti's 'Sonnets are fu‚Ä¶",0.7847,0.257,0.0,0.743
70,@BBC,Sun Mar 11 09:33:16 +0000 2018,RT @TWBBC: Fry-up anyone?  üå≠ü•ìüç≥ Did you know just 1.5 sausages could reduce your lifespan by 30 minutes? But 2-3 cups of coffee could gain y‚Ä¶,0.5803,0.131,0.0,0.869
71,@BBC,Sun Mar 11 09:30:10 +0000 2018,During the Middle Ages the custom developed of allowing people who had moved away to return and visit their mothers‚Ä¶ https://t.co/UQD2ySeRH4,0.0,0.0,0.0,1.0
72,@BBC,Sun Mar 11 08:32:02 +0000 2018,üé§üé∂ Singing is for everyone... even if you can't sing. https://t.co/eVIdGhswUT,0.0,0.0,0.0,1.0
73,@BBC,Sun Mar 11 08:02:00 +0000 2018,"‚ù§Ô∏è Happy #MothersDay to all of the amazing mums out there, the mums-to-be and the mums who live on in our hearts.‚Ä¶ https://t.co/v9yrzvfhqO",0.8176,0.263,0.0,0.737
74,@BBC,Sun Mar 11 08:00:48 +0000 2018,"RT @BBCWales: üíê What better way to say Happy Mother's Day than with a marvellous marshmallow bouquet! üíê

üç° Let little hands tackle this tas‚Ä¶",0.784,0.266,0.0,0.734
75,@BBC,Sun Mar 11 07:49:57 +0000 2018,RT @BBCTwo: Celebrate #MothersDay with the #Motherland guide to good parenting... üòÇ https://t.co/GMZLEfWuaF,0.765,0.398,0.0,0.602
76,@BBC,Sun Mar 11 02:07:01 +0000 2018,"RT @bbcasiannetwork: üéáThe Desi party don't start until you've heard @jennyjohalmusic singing 'Narma'  üéá 
#AsianNetworkLive https://t.co/lah‚Ä¶",0.4019,0.162,0.0,0.838
77,@BBC,Sat Mar 10 20:43:01 +0000 2018,"RT @BBCRadio2: She did it! Over 300 miles cycled. Over ¬£500,000 raised so far for @SportRelief.

@ZoeTheBall, we are so proud! üëè

Donate to‚Ä¶",0.6783,0.172,0.0,0.828
78,@BBC,Sat Mar 10 20:41:35 +0000 2018,"RT @BBCTwo: A shocking moment in history that changed the fashion world forever.

#ACSVersace continues Wednesday, 9pm, @BBCTwo. https://t.‚Ä¶",-0.4019,0.0,0.137,0.863
79,@BBC,Sat Mar 10 20:40:14 +0000 2018,"RT @BBCWales: Meet YouTube superstar @Gonth93

üí∞ Welcome to the world of #YoungWelshPrettyMinted üí∞

Tonight, 10.35pm - @BBCOne Wales
Availa‚Ä¶",0.4588,0.158,0.0,0.842
80,@BBC,Sat Mar 10 20:28:00 +0000 2018,"RT @bbcrb: This. Is. So. Cute! üòç
Who wouldn't love a tiny meal like this! ü§§ü•ò https://t.co/73t4rhbopo",0.4605,0.293,0.155,0.552
81,@BBC,Sat Mar 10 20:27:17 +0000 2018,"RT @BBCScotland: Cathy's been having a great time at the spa! üáßüá∑

Watch #TwoDoorsDown on @BBCiPlayer - https://t.co/JgbkHFXufb https://t.co‚Ä¶",0.6588,0.215,0.0,0.785
82,@BBC,Sat Mar 10 20:25:58 +0000 2018,"RT @bbcasiannetwork: üé§ Don't miss a single bit of #AsianNetworkLiveüé∂ 
Here's how to make sure you catch ALL the action üëâ¬†https://t.co/AZIif‚Ä¶",0.4106,0.18,0.0,0.82
83,@BBC,Sat Mar 10 20:24:22 +0000 2018,RT @BBCiPlayer: Police officer Kris was left paralysed after being hit by a van in the Westminster bridge terrorist attack. Seven months la‚Ä¶,-0.8316,0.0,0.281,0.719
84,@BBC,Sat Mar 10 20:24:07 +0000 2018,"RT @BBCSport: Ireland have been crowned Six Nations champions with a match to spare.

https://t.co/YFyOxSY0Tp #SixNations https://t.co/K34r‚Ä¶",0.5267,0.185,0.0,0.815
85,@BBC,Sat Mar 10 18:11:11 +0000 2018,"RT @bbcasiannetwork: üí•#AsianNetworkLive is taking over the airwaves tonight!
Catch all the action from
üî¥ 6pm on @bbcasiannetwork
üî¥ 7pm on @‚Ä¶",0.0,0.0,0.0,1.0
86,@BBC,Sat Mar 10 18:10:57 +0000 2018,"RT @bbcasiannetwork: Which #AsianNetworkLive performance can't you wait for? ü§© 
üé§ @jaysean
üé§ @JasmineSandlas
üé§ @lottoboyzz_
üé§ @omgAdamSaleh‚Ä¶",0.0,0.0,0.0,1.0
87,@BBC,Sat Mar 10 18:00:13 +0000 2018,üêÆü•õ Glass from the past. https://t.co/stRtHiAGGI,0.0,0.0,0.0,1.0
88,@BBC,Sat Mar 10 17:00:18 +0000 2018,"üì∏‚ù§Ô∏è A different portrait of black fatherhood. 
üëâ https://t.co/SX1Lbqsss0 https://t.co/WQnNbAfIYK",0.0,0.0,0.0,1.0
89,@BBC,Sat Mar 10 16:30:07 +0000 2018,Have we got depression wrong? https://t.co/yFPp67xmxe,-0.7783,0.0,0.63,0.37
90,@BBC,Sat Mar 10 15:59:11 +0000 2018,"RT @mixital: Enjoying @BBCOne‚Äôs Troy? 

Join our new creative challenge &amp; create your own #Troy art! Grab images from our website, make the‚Ä¶",0.8805,0.404,0.0,0.596
91,@BBC,Sat Mar 10 15:53:39 +0000 2018,"RT @BBCWales: 'Feel the fear and do it anyway'

That's Dilys's motto, and she's the @GWR holder for the Oldest Woman Skydiver in the world!‚Ä¶",-0.5411,0.0,0.127,0.873
92,@BBC,Sat Mar 10 15:32:03 +0000 2018,"ü§ñüò± The robots are coming! 

And this time they want to design and assemble your furniture. üòÑ https://t.co/naCu7LJ0Mf",0.1511,0.09,0.0,0.91
93,@BBC,Sat Mar 10 15:00:05 +0000 2018,‚ù§Ô∏èüêø The pine marten has emerged as an unlikely ally for the beleaguered native red squirrel in its battle with the‚Ä¶ https://t.co/aaJ1XuLJ78,-0.3818,0.0,0.11,0.89
94,@BBC,Sat Mar 10 14:00:08 +0000 2018,üç¥ Do you know how many calories were in your lunch?https://t.co/ouomQAA92I,0.0,0.0,0.0,1.0
95,@BBC,Sat Mar 10 13:14:03 +0000 2018,"Hindered by short-term memory loss, a man struggles to piece his life back together after his wife's murder.‚Ä¶ https://t.co/IDASykaROO",-0.5859,0.0,0.231,0.769
96,@BBC,Sat Mar 10 13:00:04 +0000 2018,"Heartbreaking. 
https://t.co/W8GJNKq8rm",-0.4588,0.0,0.75,0.25
97,@BBC,Sat Mar 10 13:00:03 +0000 2018,üòÇüî• @GordonRamsay's daughter got him good! https://t.co/0dqwntX5uj,0.4926,0.347,0.0,0.653
98,@BBC,Sat Mar 10 13:00:03 +0000 2018,"‚ù§Ô∏èüò≠ We're not crying... you're crying. 
#TheSilentChild #Oscars https://t.co/ienD3dDtKX",0.3724,0.242,0.0,0.758
99,@BBC,Sat Mar 10 13:00:03 +0000 2018,üò± Baptism at this church can be a matter of life and death. https://t.co/aEsVqMUPQ2,-0.5859,0.073,0.26,0.667
100,@BBC,Sat Mar 10 12:00:04 +0000 2018,Don't look down! üò£ https://t.co/r4ChPajO4A,0.0,0.0,0.0,1.0
1,@CBS,Tue Mar 13 18:48:52 +0000 2018,"RT @ManWithAPlan: Hungry for more #ManWithAPlan bloopers and behind-the-scenes videos featuring cast like @matt_leblanc, @thelizasnyder, @k‚Ä¶",0.3612,0.143,0.0,0.857
2,@CBS,Tue Mar 13 14:15:10 +0000 2018,"Music stars @MileyCyrus, @edsheeran, @ladygaga, and more will honor the legendary @eltonofficial and his hit songs‚Ä¶ https://t.co/UzxARCCLnI",0.539,0.179,0.0,0.821
3,@CBS,Mon Mar 12 18:13:28 +0000 2018,RT @thegoodfight: The verdict is in. The new season of #TheGoodFight is üî•üî•üî•! Stream it now on CBS All Access: https://t.co/FkYSNSXlRb https‚Ä¶,0.2244,0.083,0.0,0.917
4,@CBS,Mon Mar 12 01:20:43 +0000 2018,"RT @MadamSecretary: In less than an hour, #MadamSecretary's Keith Carradine will be taking over the @MadamSecretary Twitter page! Tweet alo‚Ä¶",0.0,0.0,0.0,1.0
5,@CBS,Fri Mar 09 22:48:26 +0000 2018,RT @DierksBentley: Take and post a photo of the woman in your life who inspires you daily! Use the hashtag #WomanAmenACM in your post for a‚Ä¶,0.4926,0.117,0.0,0.883
6,@CBS,Fri Mar 09 22:24:20 +0000 2018,"RT @MomCBS: If you missed guest star @KChenoweth in the latest episode of #Mom, not to worry! Watch now: https://t.co/RlvXoGOZ0l https://t.‚Ä¶",0.1275,0.113,0.092,0.795
7,@CBS,Fri Mar 09 21:10:21 +0000 2018,"Give a round of applause to @KelseaBallerini, @MirandaLambert, @Reba, @MarenMorris, and @CarrieUnderwood, the five‚Ä¶ https://t.co/Ncp1BTXx6N",0.4215,0.177,0.0,0.823
8,@CBS,Fri Mar 09 18:27:28 +0000 2018,"RT @thegoodfight: Smart, sexy, and sophisticated. See what's coming this season on #TheGoodFight. https://t.co/CuKhx2G50P https://t.co/ygTI‚Ä¶",0.8658,0.447,0.0,0.553
9,@CBS,Fri Mar 09 16:02:27 +0000 2018,RT @BlueBloods_CBS: Even stand-up guys fall down sometimes. #BlueBloods is new tonight at 10/9c! https://t.co/UOlDm22wWW,0.0,0.0,0.0,1.0
10,@CBS,Thu Mar 08 18:00:49 +0000 2018,Today and every day we celebrate the women in our lives who empower and inspire us. Share a story about an¬†influent‚Ä¶ https://t.co/9rVtqrElvT,0.8625,0.336,0.0,0.664
11,@CBS,Thu Mar 08 17:03:04 +0000 2018,Take and post a photo of the woman in your life who inspires you daily! Use the hashtag #WomanAmenACM in your post‚Ä¶ https://t.co/7ShhvE48zy,0.4926,0.132,0.0,0.868
12,@CBS,Wed Mar 07 18:39:10 +0000 2018,"RT @thegoodfight: Meticulously constructed. Soapy &amp; sexy. Intoxicating, savage television. üî• Here's what critics are saying about #TheGoodF‚Ä¶",-0.2023,0.15,0.23,0.619
13,@CBS,Wed Mar 07 17:06:02 +0000 2018,"This just in! @Jason_Aldean, @mirandalambert, @LukeBryanOnline, and many more are set to perform at the 53rd Academ‚Ä¶ https://t.co/mfxw2VxzU4",0.0,0.0,0.0,1.0
14,@CBS,Tue Mar 06 18:10:59 +0000 2018,"Meet the ensemble of talented actors slated to join $1, a new mystery series coming to CBS All Access:‚Ä¶ https://t.co/QoyYv7vxwg",0.6705,0.244,0.0,0.756
15,@CBS,Mon Mar 05 22:16:43 +0000 2018,"Will @Jason_Aldean, @garthbrooks, @LukeBryanOnline, @ChrisStapleton, or @KeithUrban be named Entertainer Of The Yea‚Ä¶ https://t.co/rMD8zjeX3s",0.3818,0.167,0.0,0.833
16,@CBS,Sun Mar 04 08:05:26 +0000 2018,"RT @thegoodfight: It feels good to be back. üë†üíÑüî• The season 2 premiere of #TheGoodFight is now streaming, exclusively on CBS All Access: htt‚Ä¶",0.4404,0.116,0.0,0.884
17,@CBS,Sat Mar 03 20:55:20 +0000 2018,"RT @thegoodfight: Tomorrow, #TheGoodFight is back. Stream the season 2 premiere only on CBS All Access: https://t.co/tNFR8LBJO2 https://t.c‚Ä¶",0.0,0.0,0.0,1.0
18,@CBS,Fri Mar 02 22:30:01 +0000 2018,"Who are the trailblazing women in your life that inspire you? Join CBS and the ANA's #SeeHer initiative, celebratin‚Ä¶ https://t.co/M0KqZ41Bes",0.7096,0.247,0.0,0.753
19,@CBS,Fri Mar 02 20:30:01 +0000 2018,"Join @maria_bello, @aishatyler and @TeaLeoni in celebrating the accomplishments of women who have contributed to th‚Ä¶ https://t.co/MefESBeFL3",0.7096,0.282,0.0,0.718
20,@CBS,Fri Mar 02 18:45:00 +0000 2018,"In honor of Women's History Month, CBS and the Association of National Advertisers' (ANA) #SeeHer initiative will p‚Ä¶ https://t.co/2wtYxKJVuO",0.4939,0.151,0.0,0.849
21,@CBS,Thu Mar 01 18:59:01 +0000 2018,RT @ZoeListerJones: Tonight‚Äôs an all new Life In Pieces and it‚Äôs directed by my ride or die @nataliaanderson!!!‚Ä¶ https://t.co/2LPfmyLWrY,-0.6981,0.0,0.21,0.79
22,@CBS,Thu Mar 01 18:12:57 +0000 2018,"RT @MarenMorris: Hot damn! Woke up from my post-wisdom teeth haze to find out I‚Äôm up for 4 @ACMawards ! So honored, especially for the Dear‚Ä¶",0.4547,0.159,0.092,0.749
23,@CBS,Thu Mar 01 18:11:50 +0000 2018,RT @KelseaBallerini: Ohhhhh goodness. Incredible. Thank you thank you thank you. #female https://t.co/1ZTYjNfQeF,0.8591,0.538,0.0,0.462
24,@CBS,Thu Mar 01 18:10:50 +0000 2018,RT @KeithUrban: ACMs...... HOLY SMOKES!!!!! MAD LOVE TO U ALL THIS MORNING  FOR THESE INCREDIBLE NOMINATIONS. I‚ÄôM EXTREMELY GRATEFUL!!!!!!!‚Ä¶,0.4885,0.234,0.151,0.615
25,@CBS,Thu Mar 01 14:36:21 +0000 2018,"RT @ACMawards: Congratulations to this year‚Äôs #ACMawards Video of the Year nominees:
‚ÄúBlack‚Äù - @DierksBentley
‚ÄúIt Ain‚Äôt My Fault‚Äù - @Brothe‚Ä¶",0.5994,0.178,0.0,0.822
26,@CBS,Thu Mar 01 14:29:20 +0000 2018,"RT @ACMawards: Please give a round of applause to this year‚Äôs #ACMawards Entertainer of the Year nominees: @Jason_Aldean, @GarthBrooks, @Lu‚Ä¶",0.7717,0.325,0.0,0.675
27,@CBS,Thu Mar 01 14:15:29 +0000 2018,".@ChrisStapleton, @ThomasRhett, @mirandalambert and more are all nominated for awards at Country Music's Party of t‚Ä¶ https://t.co/Vm1vXRUDYJ",0.6908,0.275,0.0,0.725
28,@CBS,Thu Mar 01 13:50:11 +0000 2018,"The Queen of Country, @Reba, is returning to host the 53rd #ACMawards on Sunday, April 15 at 8/7c. Here are a few o‚Ä¶ https://t.co/Iqzz6Gql01",0.0,0.0,0.0,1.0
29,@CBS,Thu Mar 01 01:04:52 +0000 2018,RT @survivorcbs: It‚Äôs time! #Survivor https://t.co/YPk6cGWrUA,0.0,0.0,0.0,1.0
30,@CBS,Wed Feb 28 19:56:58 +0000 2018,"RT @CBSThisMorning: TOMORROW: The nominees for the 2018 @ACMawards will be announced live by the one-and-only, @Reba! 

Watch on @CBS in ou‚Ä¶",0.0,0.0,0.0,1.0
31,@CBS,Wed Feb 28 19:08:30 +0000 2018,"RT @thegoodfight: From the set design and costumes to hair and makeup, the production quality is truly next-level. Take a peek inside the u‚Ä¶",0.4404,0.116,0.0,0.884
32,@CBS,Tue Feb 27 03:23:47 +0000 2018,RT @LivinBiblically: The fun continues on Facebook! The #LivingBiblically cast is live to talk about tonight‚Äôs premiere. Tune in here: http‚Ä¶,0.5562,0.152,0.0,0.848
33,@CBS,Mon Feb 26 22:50:32 +0000 2018,"RT @KevinCanWaitCBS: Can you get all the way through these #KevinCanWait bloopers without laughing?! @KevinJames,@LeahRemini and the rest o‚Ä¶",0.0,0.0,0.0,1.0
34,@CBS,Mon Feb 26 21:08:30 +0000 2018,"RT @ACMawards: That‚Äôs right! @Reba is headed to @CBSThisMorning on Thursday, March 1 to announce this year‚Äôs #ACMAwards' nominees. Tune in‚Ä¶",0.0,0.0,0.0,1.0
35,@CBS,Mon Feb 26 19:53:41 +0000 2018,"RT @ScorpionCBS: You can't hack your way to a 197 IQ, but you are well on your way with these Genius Facts from #TeamScorpion! üíª You can be‚Ä¶",0.4482,0.105,0.0,0.895
36,@CBS,Mon Feb 26 18:32:36 +0000 2018,RT @SuperiorDonuts: You can always count on @DavidKoechner for a laugh! Did your favorite Tush moment make the list? Catch a new #SuperiorD‚Ä¶,0.784,0.266,0.0,0.734
37,@CBS,Mon Feb 26 18:20:16 +0000 2018,RT @TheTalkCBS: TODAY: We loved them together then &amp; we love seeing them together now! Welcome back to the show @THESaraGilbert‚Äã's good fri‚Ä¶,0.9359,0.429,0.0,0.571
38,@CBS,Mon Feb 26 16:53:56 +0000 2018,"RT @thegoodfight: As foundations begin to crumble, our characters struggle to make sense of this new dystopian world. The cast teases what'‚Ä¶",-0.5423,0.0,0.184,0.816
39,@CBS,Mon Feb 26 16:52:01 +0000 2018,"#LivingBiblically's @linzkraft and @jrfergjr appeared on @KCBS's Facebook Live this morning, talking all about what‚Ä¶ https://t.co/4RebcHuuMQ",0.0,0.0,0.0,1.0
40,@CBS,Mon Feb 26 16:17:55 +0000 2018,"RT @CBSSports: Introducing CBS Sports HQ, a New 24/7 Direct-to-Consumer Streaming Network for Sports News, Highlights, &amp; Analysis.

Stream‚Ä¶",0.0,0.0,0.0,1.0
41,@CBS,Mon Feb 26 01:12:32 +0000 2018,"RT @CBSBigBrother: It‚Äôs down to the final 5 celebrity Houseguests, and anyone could take home the grand prize! Tune in NOW to watch the #BB‚Ä¶",0.7644,0.231,0.0,0.769
42,@CBS,Sun Feb 25 21:51:32 +0000 2018,RT @startrekcbs: Binge the entire first season of #StarTrekDiscovery. All episodes now streaming exclusively on CBS All Access: https://t.c‚Ä¶,0.0,0.0,0.0,1.0
43,@CBS,Sun Feb 25 21:51:22 +0000 2018,"RT @thegoodfight: #TheGoodFight returns in 1 week. Season 2 premieres Sunday, March 4. https://t.co/nomCao1GWp https://t.co/BOn6bOe9Tb",0.0,0.0,0.0,1.0
44,@CBS,Fri Feb 23 18:15:40 +0000 2018,RT @thegoodfight: This is our new favorite thing. Christine Baranski debuted #TheGoodFight the Musical on @colbertlateshow last night! üéµüé§‚Ä¶,0.5093,0.155,0.0,0.845
45,@CBS,Thu Feb 22 19:26:52 +0000 2018,"RT @LivinBiblically: Confession time: have YOU ever hit the ""close door"" button in an elevator while somebody was approaching? The cast of‚Ä¶",0.0,0.0,0.0,1.0
46,@CBS,Wed Feb 21 19:20:04 +0000 2018,RT @CBSEyeSpeak: Mark your calendars! #CBSEyeSpeak kicks off March 14 with The EYE Speak Summit. Follow our page for more details! https://‚Ä¶,0.0,0.0,0.0,1.0
47,@CBS,Wed Feb 21 18:19:25 +0000 2018,"RT @CBSEyeSpeak: Proud to announce a new CBS initiative, promoting female empowerment and developing the next generation of leaders through‚Ä¶",0.6808,0.248,0.0,0.752
48,@CBS,Tue Feb 20 19:55:19 +0000 2018,"RT @LivinBiblically: When you're living by the Bible, it's good to have a priest and a rabbi on call (provided they answer their phones, th‚Ä¶",0.4404,0.116,0.0,0.884
49,@CBS,Tue Feb 20 17:58:18 +0000 2018,"RT @thegoodfight: Chicago lawyers are being hunted and the world is going insane. 

The new season of #TheGoodFight premieres Sunday, March‚Ä¶",-0.4019,0.0,0.119,0.881
50,@CBS,Tue Feb 20 17:39:51 +0000 2018,Ready for some larger than life competition? This new series from @MarkBurnettTV will premiere in summer 2018.‚Ä¶ https://t.co/gDXHLdIJ5v,0.3612,0.128,0.0,0.872
51,@CBS,Sat Feb 17 01:07:20 +0000 2018,"With tournament dreams on the line, make sure to stream these college basketball matchups on CBS All Access:‚Ä¶ https://t.co/SGkYUZrQWB",0.6124,0.227,0.0,0.773
52,@CBS,Fri Feb 16 18:42:43 +0000 2018,"RT @LivinBiblically: While Chip's sticking to the Bible's original rules, the cast of #LivingBiblically has given them a more modern makeov‚Ä¶",0.3182,0.108,0.0,0.892
53,@CBS,Fri Feb 16 17:48:20 +0000 2018,"Casting News! Peter Mark Kendall, Michael Gaston, Greg Wise, Rade ≈†erbed≈æija, Zack Pearlman, and Keye Chen join the‚Ä¶ https://t.co/GFob2KrD8H",0.68,0.248,0.0,0.752
54,@CBS,Wed Feb 14 19:23:27 +0000 2018,RT @BullCBS: The verdict is in...#Bull is the perfect Valentine! ‚ù§Ô∏è Happy #ValentinesDay! https://t.co/poEejI4AnC,0.8619,0.466,0.0,0.534
55,@CBS,Tue Feb 13 20:03:56 +0000 2018,"RT @NoActivityCBS: Car 27 reporting: Season 2 of #NoActivity coming soon!

Binge season one now on CBS All Access: https://t.co/yvxoQMeyhN‚Ä¶",0.0,0.0,0.0,1.0
56,@CBS,Tue Feb 13 18:54:52 +0000 2018,"RT @LivinBiblically: Against all odds (and the advice of his God Squad), Chip is determined to live life by the Good Book. Think you could‚Ä¶",0.7506,0.252,0.0,0.748
57,@CBS,Mon Feb 12 18:49:45 +0000 2018,RT @thegoodfight: Christine Baranski reflects upon the spectacular metamorphosis of her character in #TheGoodFight's first season. Revisit‚Ä¶,0.0,0.0,0.0,1.0
58,@CBS,Mon Feb 12 01:32:33 +0000 2018,RT @startrekcbs: Binge the entire first season of #StarTrekDiscovery. All 15 episodes now streaming on CBS All Access: https://t.co/lKLaptP‚Ä¶,0.0,0.0,0.0,1.0
59,@CBS,Fri Feb 09 00:50:01 +0000 2018,RT @SuperiorDonuts: Looking for a #Valentine? Tush is here to help you land your dream date just in time for the day of love! #SuperiorDonu‚Ä¶,0.8478,0.304,0.0,0.696
60,@CBS,Thu Feb 08 16:09:35 +0000 2018,RT @CBSBigBrother: The pressure is on as the Houseguests battle each other for victory in the first HOH competition. Stream the season prem‚Ä¶,-0.5859,0.0,0.186,0.814
61,@CBS,Wed Feb 07 18:35:19 +0000 2018,"RT @startrekcbs: Sunday, this season's epic journey reaches its final reckoning. Catch up before the season finale: https://t.co/4Ea5wpmAep‚Ä¶",0.0516,0.066,0.0,0.934
62,@CBS,Wed Feb 07 16:17:48 +0000 2018,"Are you a sucker for jaw-dropping talent competitions? Announcing The World's Best, a first-of-its-kind new global‚Ä¶ https://t.co/fagCMklm2Z",0.5574,0.312,0.152,0.536
63,@CBS,Tue Feb 06 22:21:39 +0000 2018,"RT @BullCBS: Tonight, one of these 3 TAC employees will end up incarcerated. Who do you think it will be? Tune into a new episode of #Bull‚Ä¶",0.0,0.0,0.0,1.0
64,@CBS,Tue Feb 06 17:05:49 +0000 2018,"RT @thegoodfight: There's no season like lawyer season. #TheGoodFight returns March 4, exclusively on CBS All Access. https://t.co/XAlrg1nB‚Ä¶",0.0772,0.121,0.106,0.773
65,@CBS,Sun Feb 04 15:35:36 +0000 2018,"RT @thegoodfight: The acclaimed series returns in 1 month. #TheGoodFight is back Sunday, March 4. https://t.co/5BNLTYRd8p https://t.co/yInP‚Ä¶",0.0,0.0,0.0,1.0
66,@CBS,Sun Feb 04 12:00:01 +0000 2018,".@KeshaRose's emotional performance with @CyndiLauper, @AndraDayMusic, @BebeRexha and @Camila_Cabello brought the a‚Ä¶ https://t.co/qpgS2e9ir0",0.1531,0.118,0.0,0.882
67,@CBS,Sat Feb 03 23:11:43 +0000 2018,Broadway legend Patti LuPone paid tribute to Sir Andrew Lloyd Webber with a show-stopping rendition of the iconic s‚Ä¶ https://t.co/GxqLtUzhFP,0.0,0.0,0.0,1.0
68,@CBS,Sat Feb 03 12:00:07 +0000 2018,"Relive an entire night's worth of big wins, live performances and many more inspiring moments from The 60th Annual‚Ä¶ https://t.co/CH7mJ4Y3QT",0.8268,0.338,0.0,0.662
69,@CBS,Fri Feb 02 22:36:13 +0000 2018,RT @swatcbs: ‚ú®@TheTalkCBS' @TheRealEve and @ShemarMoore brought some serious heat to the GRAMMYs red carpet: https://t.co/WYTITKkLQd https:‚Ä¶,-0.0772,0.0,0.075,0.925
70,@CBS,Fri Feb 02 20:07:40 +0000 2018,"The all-star collaboration between @Rihanna, @DJKhaled and @brysontiller brought the party to the #GRAMMYs with a s‚Ä¶ https://t.co/jTv5QbtgUp",0.4019,0.144,0.0,0.856
71,@CBS,Fri Feb 02 19:03:33 +0000 2018,RT @TheTalkCBS: All the #redcarpet looks from the 60th annual #GRAMMYs! Did you catch @TheRealEve's sparkly two-piece suit? Diamond accents‚Ä¶,0.4003,0.124,0.0,0.876
72,@CBS,Fri Feb 02 17:23:18 +0000 2018,Go backstage with the celebs and see which stars celebrated the big night together! Here are the moments you missed‚Ä¶ https://t.co/rgQTXRQyLg,0.6114,0.166,0.0,0.834
73,@CBS,Thu Feb 01 22:04:41 +0000 2018,üé∂ @DearEvanHansen star Ben Platt gave a soaring performance of a classic Broadway hit. Watch him perform 'Somewhere‚Ä¶ https://t.co/HcuizFWo02,0.0,0.0,0.0,1.0
74,@CBS,Thu Feb 01 20:09:49 +0000 2018,"üé∏ @LittleBigTown, @U2, @BrunoMars and @Pink are just a few of the superstar performers that lit up the stage at The‚Ä¶ https://t.co/2v0MNYMItG",0.0,0.0,0.0,1.0
75,@CBS,Wed Jan 31 21:42:15 +0000 2018,"Don't miss country stars Emmylou Harris and @ChrisStapleton perform a moving rendition of @TomPetty's classic song,‚Ä¶ https://t.co/GxoIW97XIu",0.1139,0.088,0.0,0.912
76,@CBS,Wed Jan 31 17:05:47 +0000 2018,RT @survivorcbs: Get excited! üôå It‚Äôs finally time to meet the castaways of #Survivor: Ghost Island ‚ò† https://t.co/xQQ8ROhKbM https://t.co/P‚Ä¶,0.1007,0.135,0.115,0.75
77,@CBS,Wed Jan 31 16:37:17 +0000 2018,"Country stars @EricChurch, @BrothersOsborne and @MarenMorris performed a touching tribute dedicated to the victims‚Ä¶ https://t.co/YCIq9i70fd",0.4588,0.188,0.0,0.812
78,@CBS,Wed Jan 31 06:55:30 +0000 2018,Missed the Man vs. Beast #SuperBowlCommercials showdown? Catch up now to find out which entertaining ad was named t‚Ä¶ https://t.co/SlyO0n7yMX,0.1779,0.126,0.095,0.779
79,@CBS,Wed Jan 31 02:15:16 +0000 2018,"RT @rikimae: Ok, that one makes me cry #superbowlcommercials",-0.2263,0.179,0.252,0.569
80,@CBS,Wed Jan 31 01:58:40 +0000 2018,"If this doesn‚Äôt make you cry, nothing will. #SuperBowlCommercials https://t.co/UjFf3xr4so",-0.4767,0.0,0.256,0.744
81,@CBS,Wed Jan 31 01:52:46 +0000 2018,"RT @maverickkr: #superbowlcommercials the frogs were great, I'd forgotten about that one.",0.4939,0.256,0.119,0.625
82,@CBS,Wed Jan 31 01:49:43 +0000 2018,"If you haven't voted yet, it's not too late! Choose your favorite here: https://t.co/s4pEIF5IX8‚Ä¶ https://t.co/VCa1YHDyYy",0.5093,0.19,0.0,0.81
83,@CBS,Wed Jan 31 01:31:27 +0000 2018,RT @5691e44f3b66446: I am having so much fun ...the commercials are awesome #superbowlcommercials,0.8261,0.434,0.0,0.566
84,@CBS,Wed Jan 31 01:29:10 +0000 2018,RT @LittleShelbyMae: Love watching the #superbowlcommercials all the animal ones are my favorite!!,0.8309,0.414,0.0,0.586
85,@CBS,Wed Jan 31 01:24:16 +0000 2018,RT @PatHale915: Doritos time machine was great!   #superbowlcommercials,0.6588,0.386,0.0,0.614
86,@CBS,Wed Jan 31 01:18:37 +0000 2018,Never make a goat angry. #SuperBowlCommercials https://t.co/xRJssdAErk,-0.5106,0.0,0.398,0.602
87,@CBS,Wed Jan 31 01:17:37 +0000 2018,RT @MsLindsieStarr: That dang goat! #Doritos #superbowlcommercials,0.0,0.0,0.0,1.0
88,@CBS,Wed Jan 31 01:16:15 +0000 2018,Do you remember this Super Bowl commercial featuring @KevinHart4real playing an overprotective father?‚Ä¶ https://t.co/ejLnTEG5ug,0.7525,0.349,0.0,0.651
89,@CBS,Wed Jan 31 01:08:01 +0000 2018,RT @dRoy: Homework will take a break for now. #superbowlcommercials on cbs is on üëå,0.0,0.0,0.0,1.0
90,@CBS,Wed Jan 31 01:04:34 +0000 2018,RT @Mixxxalv: Watching #superbowlcommercials let the best win!,0.8516,0.58,0.0,0.42
91,@CBS,Wed Jan 31 01:00:35 +0000 2018,Super Bowl Greatest Commercials 2018 hosts @7BOOMERESIASON and @DanielaRuah are moments away from announcing the tw‚Ä¶ https://t.co/cKM1WXPc9u,0.8442,0.351,0.0,0.649
92,@CBS,Wed Jan 31 00:55:04 +0000 2018,It's Man vs. Beast as these classic Super Bowl spots face off tonight on Super Bowl Greatest Commercials 2018! Tune‚Ä¶ https://t.co/GcoSAcfeUd,0.923,0.406,0.0,0.594
93,@CBS,Wed Jan 31 00:37:20 +0000 2018,"Tonight, get a first look at #ChrisElliott starring in the new @AvosfromMexico Super Bowl Commercial on‚Ä¶ https://t.co/WMEjsZfgdg",0.5994,0.206,0.0,0.794
94,@CBS,Wed Jan 31 00:11:53 +0000 2018,"Join @NCISLA's @DanielaRuah and @7BOOMERESIASON on Super Bowl Greatest Commercials 2018, tonight at 8/7c on CBS and‚Ä¶ https://t.co/nzVu1FCRc5",0.8834,0.407,0.0,0.593
95,@CBS,Tue Jan 30 23:35:01 +0000 2018,Everyone knows the best part of the Super Bowl is the commercials! Find out how to tune in and vote for your favori‚Ä¶ https://t.co/KGDYl9oF98,0.8553,0.276,0.0,0.724
96,@CBS,Tue Jan 30 21:19:22 +0000 2018,Throw it back to this classic Michael Jordan vs. Larry Bird spot tonight on Super Bowl Greatest Commercials 2018! W‚Ä¶ https://t.co/g2H4zV7wIN,0.8553,0.306,0.0,0.694
97,@CBS,Tue Jan 30 18:46:04 +0000 2018,"Super Bowl Greatest Commercials 2018 airs tonight! Cast your vote now, then tune in and vote for the winner live at‚Ä¶ https://t.co/h4jGpUheP5",0.9215,0.391,0.0,0.609
98,@CBS,Tue Jan 30 16:00:02 +0000 2018,Remember when @robinthicke and Lil Wayne (@liltunechi) joined jazz legends on stage at the 51st #GRAMMYs? Watch thi‚Ä¶ https://t.co/2l8gBdOrli,0.0,0.0,0.0,1.0
99,@CBS,Tue Jan 30 04:03:31 +0000 2018,"Tomorrow, catch a sneak peek of the incredible @TiffanyHaddish in her first Super Bowl Commercial for @Groupon on‚Ä¶ https://t.co/RlehujNvFN",0.5994,0.187,0.0,0.813
100,@CBS,Tue Jan 30 03:17:51 +0000 2018,Rapper @Logic301 delivered a poignant message of hope to conclude his powerful performance with @alessiacara and‚Ä¶ https://t.co/elSqZExRtN,0.6908,0.289,0.0,0.711
1,@CNN,Tue Mar 13 18:42:13 +0000 2018,"Just hours after he was fired by President Trump, Rex Tillerson defended his achievements as secretary of state and‚Ä¶ https://t.co/WhQgIhvDWI",-0.5574,0.0,0.159,0.841
2,@CNN,Tue Mar 13 18:40:10 +0000 2018,The 9 people President Trump might fire next | Analysis by @CillizzaCNN https://t.co/HDi8ssMJ7y https://t.co/aOh1bYu39F,-0.34,0.0,0.179,0.821
3,@CNN,Tue Mar 13 18:33:40 +0000 2018,"In his farewell statement, Secretary of State Rex Tillerson calls out Russia, warning ‚Äúmuch work remains to respond‚Ä¶ https://t.co/2VmTalxSYD",-0.34,0.0,0.118,0.882
4,@CNN,Tue Mar 13 18:30:06 +0000 2018,She was Canada's Rosa Parks. Now she's the first black person to appear on its currency. https://t.co/LMsxnqiPOG https://t.co/17QAITyhw3,0.0,0.0,0.0,1.0
5,@CNN,Tue Mar 13 18:26:49 +0000 2018,"Rex Tillerson says he spoke to President Trump on the phone around noon today, hours after the President tweeted th‚Ä¶ https://t.co/VbCjfCvT5T",0.0,0.0,0.0,1.0
6,@CNN,Tue Mar 13 18:20:06 +0000 2018,Secretary of State Rex Tillerson says he is delegating all authorities as of today to Deputy Secretary of State Joh‚Ä¶ https://t.co/3hGJ9NXUIp,0.0,0.0,0.0,1.0
7,@CNN,Tue Mar 13 18:15:15 +0000 2018,"5 senior Trump admin. officials who have left in the last 2 weeks:

‚ñ† Sec. of State Rex Tillerson

‚ñ† Economic advis‚Ä¶ https://t.co/ayf2KnUNKY",0.0,0.0,0.0,1.0
8,@CNN,Tue Mar 13 18:12:14 +0000 2018,"Rex Tillerson is speaking from the State Department just hours after being fired by President Trump

Live updates:‚Ä¶ https://t.co/3Ubsa7eYPD",-0.5574,0.0,0.167,0.833
9,@CNN,Tue Mar 13 18:05:06 +0000 2018,"Pope Francis is firmly among the most liberal, global and politically relevant Holy Fathers in modern history. And‚Ä¶ https://t.co/zweecyqRio",0.0,0.0,0.0,1.0
10,@CNN,Tue Mar 13 17:55:25 +0000 2018,"Activists placed 7,000 pairs of shoes in front of the US Capitol building on Tuesday, to remember children killed b‚Ä¶ https://t.co/lRzPLjH5WG",-0.6705,0.0,0.184,0.816
11,@CNN,Tue Mar 13 17:45:54 +0000 2018,"Outgoing Secretary of State Rex Tillerson will speak at 2 p.m. ET for the first time since his firing.

Live update‚Ä¶ https://t.co/QNwIl6MT55",-0.0516,0.093,0.102,0.805
12,@CNN,Tue Mar 13 17:36:20 +0000 2018,"At least 38 people were killed in northern Ethiopia after a bus they were traveling in hurtled off a cliff, officia‚Ä¶ https://t.co/bkn4ka9U5s",-0.7269,0.0,0.253,0.747
13,@CNN,Tue Mar 13 17:25:04 +0000 2018,"This 6-year-old boy's lemonade stand raised $7,000 for the family of a slain deputy https://t.co/oNZX529ovg https://t.co/nnt4cYmnir",0.0,0.0,0.0,1.0
14,@CNN,Tue Mar 13 17:21:22 +0000 2018,"Lead exposure may be responsible for nearly 10 times more deaths in the United States than previously thought, acco‚Ä¶ https://t.co/UXyalB8RAO",0.6249,0.221,0.0,0.779
15,@CNN,Tue Mar 13 17:11:03 +0000 2018,"These teachers in Ennis, Texas, are attending gun and active shooter training https://t.co/9PIhY9E9pl https://t.co/vsQZYpA8sd",0.0772,0.158,0.14,0.702
16,@CNN,Tue Mar 13 17:00:07 +0000 2018,"President Trump should fire Betsy DeVos, writes @jrpsaki for @CNNopinion https://t.co/DNZ8Sl2LQJ https://t.co/wQsRCQGgqF",-0.34,0.0,0.179,0.821
17,@CNN,Tue Mar 13 16:52:29 +0000 2018,The 3 Republicans who could challenge Donald Trump in 2020 | Analysis by CNN's Chris Cillizza‚Ä¶ https://t.co/HCbc4g3Pdh,0.0772,0.085,0.0,0.915
18,@CNN,Tue Mar 13 16:51:09 +0000 2018,"Hours after his boss Rex Tillerson was ousted, Steve Goldstein, the under secretary of Public Affairs at the State‚Ä¶ https://t.co/qbm8fihFYZ",0.0,0.0,0.0,1.0
19,@CNN,Tue Mar 13 16:41:58 +0000 2018,"Lead exposure may be responsible for nearly 10 times more deaths in the United States than previously thought, acco‚Ä¶ https://t.co/AcoH7LO08o",0.6249,0.221,0.0,0.779
20,@CNN,Tue Mar 13 16:31:07 +0000 2018,"""Sometimes I don't know what this world has come to

It's blowing up

This whole country is going nuts

And the NRA‚Ä¶ https://t.co/9jtDrBvbgj",-0.3182,0.0,0.099,0.901
21,@CNN,Tue Mar 13 16:25:21 +0000 2018,"A new study ties extreme winter weather, specifically major snowstorms in the northeastern US, to warming Arctic te‚Ä¶ https://t.co/zpojxR4m7U",0.1531,0.086,0.0,0.914
22,@CNN,Tue Mar 13 16:15:09 +0000 2018,"This ex-convict took cooking classes in prison. Now, he runs¬†a bustling burger joint. https://t.co/sgnbwqAX3Q https://t.co/iGLFDSBu8n",-0.5106,0.0,0.191,0.809
23,@CNN,Tue Mar 13 16:10:04 +0000 2018,"James Schwab, a spokesman for the San Francisco Division of ICE, has resigned, citing what he says are falsehoods b‚Ä¶ https://t.co/Me2P1QMeS8",-0.25,0.0,0.095,0.905
24,@CNN,Tue Mar 13 16:05:08 +0000 2018,The royal wedding of Prince Harry and Meghan Markle is not expected to translate into an immediate boost for Britis‚Ä¶ https://t.co/bJdSyXwj9v,0.4019,0.119,0.0,0.881
25,@CNN,Tue Mar 13 15:55:45 +0000 2018,"3 bombs, many questions ‚Äî Here's what we know (and don't know) about the Austin package explosions:‚Ä¶ https://t.co/GiFhkVrpp6",0.0,0.0,0.0,1.0
26,@CNN,Tue Mar 13 15:43:31 +0000 2018,"Why I want my child to participate in the national school walkout, even if she gets in trouble | via @CNNopinion‚Ä¶ https://t.co/7PkuM4VnZs",-0.5719,0.056,0.215,0.73
27,@CNN,Tue Mar 13 15:34:09 +0000 2018,"5 senior Trump admin. officials who have left in the last 2 weeks:

‚ñ† Sec. of State Rex Tillerson

‚ñ† Economic advis‚Ä¶ https://t.co/Z2yphqfT2C",0.0,0.0,0.0,1.0
28,@CNN,Tue Mar 13 15:25:02 +0000 2018,"""We've gone completely off the rails"": After the House Intelligence Committee announced it was shutting down its pr‚Ä¶ https://t.co/CBGvYgeYce",0.4767,0.147,0.0,0.853
29,@CNN,Tue Mar 13 15:11:20 +0000 2018,President Trump‚Äôs personal aide Johnny McEntee was fired because he is currently under investigation by the Departm‚Ä¶ https://t.co/JDj8lM0EbU,-0.5574,0.0,0.175,0.825
30,@CNN,Tue Mar 13 15:00:06 +0000 2018,President Trump suggests he believes the British government's theory that Russia was likely responsible for the ner‚Ä¶ https://t.co/SjW4H5Grz5,0.3182,0.119,0.0,0.881
31,@CNN,Tue Mar 13 14:50:09 +0000 2018,"‚ñ† Secretary of State¬†Rex Tillerson¬†is out

‚ñ† CIA Director¬†Mike Pompeo¬†is Trump's pick to replace Tillerson

‚ñ† Gina‚Ä¶ https://t.co/zkAW9j0RlA",0.0,0.0,0.0,1.0
32,@CNN,Tue Mar 13 14:40:06 +0000 2018,At least one person was killed when a bus carrying Houston-area band students drove into a 50-foot ravine in Baldwi‚Ä¶ https://t.co/mIZVdyiHtr,-0.6705,0.0,0.2,0.8
33,@CNN,Tue Mar 13 14:36:39 +0000 2018,RT @cnni: Police update on poisoning of Russian former spy: Sergei Skripal's daughter Yulia had arrived in the UK from Russia the day befor‚Ä¶,-0.5859,0.0,0.142,0.858
34,@CNN,Tue Mar 13 14:30:06 +0000 2018,"President Trump announced that Gina Haspel, who is currently CIA deputy director, is his pick to replace Mike Pompe‚Ä¶ https://t.co/kOrlaAu4v7",0.0,0.0,0.0,1.0
35,@CNN,Tue Mar 13 14:23:02 +0000 2018,"RT @CNNweather: The blizzard in Boston is a 'bomb cyclone.' 

Watch live -- https://t.co/q80AsGNM3o
Get the latest information -- https://t‚Ä¶",-0.4939,0.0,0.151,0.849
36,@CNN,Tue Mar 13 14:20:05 +0000 2018,"President Trump's longtime personal aide John McEntee was fired and escorted from the White House on Monday, three‚Ä¶ https://t.co/sdIgg0rMjs",-0.5574,0.0,0.167,0.833
37,@CNN,Tue Mar 13 14:10:07 +0000 2018,How Rex Tillerson's firing proves that absolute loyalty is all that matters to President Trump | Analysis by‚Ä¶ https://t.co/9mIKr5p15Q,0.296,0.209,0.109,0.682
38,@CNN,Tue Mar 13 14:01:00 +0000 2018,Several senior Republican aides say they were given no heads up on Trump‚Äôs decision to fire Rex Tillerson: ‚ÄúTwitter‚Ä¶ https://t.co/e7oBqNqLyb,-0.5574,0.0,0.204,0.796
39,@CNN,Tue Mar 13 13:55:15 +0000 2018,READ: 1-page summary of initial Republican findings in the House Russia investigation https://t.co/Dkju0mP7YL https://t.co/Z943hNbxjQ,0.0,0.0,0.0,1.0
40,@CNN,Tue Mar 13 13:51:46 +0000 2018,"Rex Tillerson found out he was fired by President Trump's tweet on Tuesday morning, according to Steve Goldstein, u‚Ä¶ https://t.co/4XfIdNVOPv",-0.5574,0.0,0.159,0.841
41,@CNN,Tue Mar 13 13:44:50 +0000 2018,"RT @cnni: President Trump on UK investigation into poisoning of Russian former spy: ""It sounds to me like they believe it was Russia, and I‚Ä¶",-0.3182,0.085,0.13,0.785
42,@CNN,Tue Mar 13 13:42:08 +0000 2018,"A young news reporter, a firefighter and a tourist from Argentina were among the five passengers who died in a heli‚Ä¶ https://t.co/uIwY9dqolv",-0.5574,0.0,0.175,0.825
43,@CNN,Tue Mar 13 13:40:51 +0000 2018,"President Trump commends Mike Pompeo, his choice to succeed Rex Tillerson as secretary of state: ""Tremendous energy‚Ä¶ https://t.co/HW31lqjUEL",0.4939,0.158,0.0,0.842
44,@CNN,Tue Mar 13 13:33:43 +0000 2018,President Trump: ‚ÄúI wish Rex Tillerson well‚Ä¶ I very much appreciate his commitment and his service and I wish him w‚Ä¶ https://t.co/YA5NRZNi63,0.8744,0.407,0.0,0.593
45,@CNN,Tue Mar 13 13:33:35 +0000 2018,"There is an arrow hidden in the FedEx logo. (If you've never noticed it, prepare to be blown away.)

Hidden designs‚Ä¶ https://t.co/YrFWEZ9axw",0.0,0.0,0.0,1.0
46,@CNN,Tue Mar 13 13:26:51 +0000 2018,@kaitlancollins President Trump‚Äôs anger at Rex Tillerson never subsided after it leaked that Tillerson called Trump‚Ä¶ https://t.co/ja5NVzEqGe,-0.7184,0.0,0.286,0.714
47,@CNN,Tue Mar 13 13:25:57 +0000 2018,"This high school in Anchorage, Alaska, is using the sound of real gunfire to prepare students for active shooters‚Ä¶ https://t.co/A9WFpVd1Y0",0.4019,0.124,0.0,0.876
48,@CNN,Tue Mar 13 13:24:07 +0000 2018,President Trump did not feel Rex Tillerson had his back lately and has wanted Mike Pompeo as his secretary of state‚Ä¶ https://t.co/23gUJFqdft,0.0,0.0,0.0,1.0
49,@CNN,Tue Mar 13 13:17:28 +0000 2018,"""To call the interview peculiar is an understatement,"" CNN legal analyst Jeffrey Toobin writes about a 2006 O.J. Si‚Ä¶ https://t.co/bKLR3u7TN5",0.2732,0.154,0.0,0.846
50,@CNN,Tue Mar 13 13:11:01 +0000 2018,"President Trump is tapping CIA Director Mike Pompeo to be the new secretary of state, replacing Rex Tillerson. Read‚Ä¶ https://t.co/VVFzjGggXJ",0.0,0.0,0.0,1.0
51,@CNN,Tue Mar 13 13:06:28 +0000 2018,President Trump asked Rex Tillerson to step aside as Secretary of State and is replacing him with CIA Director Mike‚Ä¶ https://t.co/LF4e3p8UzI,0.0,0.0,0.0,1.0
52,@CNN,Tue Mar 13 13:04:37 +0000 2018,"A court has decided that Charles Manson's body, after months sitting on ice, will go to Jason Freeman -- who claims‚Ä¶ https://t.co/fTZW3f8mjT",0.4019,0.119,0.0,0.881
53,@CNN,Tue Mar 13 12:59:32 +0000 2018,"President Trump believed it was the right time to ask Tillerson to step aside and did so on Friday, according to a‚Ä¶ https://t.co/mJbTkGbMIb",0.0,0.0,0.0,1.0
54,@CNN,Tue Mar 13 12:50:35 +0000 2018,BREAKING: President Trump fires Secretary of State Rex Tillerson and is replacing him with CIA Director Mike Pompeo‚Ä¶ https://t.co/y5rzYW26nZ,0.0,0.0,0.0,1.0
55,@CNN,Tue Mar 13 12:45:37 +0000 2018,"The father of Joaquin Oliver, who was killed in the Florida school shooting, created a powerful mural to honor his‚Ä¶ https://t.co/x1bl5M4ebr",0.3612,0.281,0.158,0.561
56,@CNN,Tue Mar 13 12:38:03 +0000 2018,Former Trump campaign adviser Roger Stone told associates he was in contact with WikiLeaks founder Julian Assange i‚Ä¶ https://t.co/veWMI0xnGl,0.0,0.0,0.0,1.0
57,@CNN,Tue Mar 13 12:26:10 +0000 2018,"""The special counsel is not an unguided missile."" In an interview, Deputy Attorney General Rod Rosenstein offered f‚Ä¶ https://t.co/JZWsKSK04w",0.4019,0.13,0.0,0.87
58,@CNN,Tue Mar 13 12:20:06 +0000 2018,President Trump will visit his border wall prototypes today along the border in San Diego. Here's what he'll see:‚Ä¶ https://t.co/9WA0JiIpoG,0.0,0.0,0.0,1.0
59,@CNN,Tue Mar 13 12:10:04 +0000 2018,There's a whiff of birtherism in Trump's 'Pocahantas' attacks | Analysis by @zbyronwolf https://t.co/IuS21zWieS https://t.co/0CYkKop3tM,-0.4404,0.0,0.195,0.805
60,@CNN,Tue Mar 13 12:00:09 +0000 2018,"People in Austin,Texas, are being told to be vigilant about unexpected or suspicious packages at their door after a‚Ä¶ https://t.co/WtttrQgrOD",-0.2023,0.077,0.113,0.811
61,@CNN,Tue Mar 13 11:50:09 +0000 2018,Hillary Clinton told a receptive audience in India that while she thought President Trump played to some of America‚Ä¶ https://t.co/TKcUV4kvHN,0.34,0.118,0.0,0.882
62,@CNN,Tue Mar 13 11:40:06 +0000 2018,Moms still earn less than childless women -- and the gap isn't closing https://t.co/S69tij1IiE https://t.co/t3Uir4N8zs,0.0,0.0,0.0,1.0
63,@CNN,Tue Mar 13 11:30:06 +0000 2018,"This ex-convict took cooking classes in prison. Now, he runs¬†a bustling burger joint. https://t.co/14JFKWzNeB https://t.co/IGKc7xhzJ7",-0.5106,0.0,0.191,0.809
64,@CNN,Tue Mar 13 11:15:10 +0000 2018,"5 things for Tuesday:

- Russia investigation
- Pennsylvania
- Austin bombings
- Saudi Arabia
- World Health Organi‚Ä¶ https://t.co/jtJuPBgZi4",0.0,0.0,0.0,1.0
65,@CNN,Tue Mar 13 11:06:04 +0000 2018,Republican state Rep. Rick Saccone and Democratic former prosecutor Conor Lamb square off today in a special electi‚Ä¶ https://t.co/8dplQNkEAG,0.4019,0.137,0.0,0.863
66,@CNN,Tue Mar 13 11:01:15 +0000 2018,"What if you were paid to exercise? That's the idea behind Sweatcoin, created by two Russian fitness fanatics. The L‚Ä¶ https://t.co/yhdbYj7i43",0.4767,0.177,0.0,0.823
67,@CNN,Tue Mar 13 10:50:22 +0000 2018,"A new purported military video of an unidentified aircraft has been made public, following the Pentagon's acknowled‚Ä¶ https://t.co/j2PdjadB8K",0.0,0.0,0.0,1.0
68,@CNN,Tue Mar 13 10:40:09 +0000 2018,"New England is bracing for its third nor'easter in less than two weeks, which threatens to hit the region with as m‚Ä¶ https://t.co/kaGZAWKbLv",-0.3818,0.0,0.106,0.894
69,@CNN,Tue Mar 13 10:27:04 +0000 2018,"A former Nazi SS guard known as ""the bookkeeper of Auschwitz"" has died before serving a four-year jail term, author‚Ä¶ https://t.co/elAasKrIYb",-0.5574,0.0,0.167,0.833
70,@CNN,Tue Mar 13 10:14:29 +0000 2018,"Novichok, the substance used in the attempted murder of Russian ex-spy Sergei Skripal and his daughter Yulia, is no‚Ä¶ https://t.co/lX4BCRkGn8",-0.6908,0.0,0.198,0.802
71,@CNN,Tue Mar 13 10:02:06 +0000 2018,New England's third nor'easter in less than two weeks threatens to hit the region with as much as two feet of snow https://t.co/8ndYIjJCL2,-0.3818,0.0,0.106,0.894
72,@CNN,Tue Mar 13 09:55:06 +0000 2018,"FBI agents have tried to meet a pair of self-styled ""sex coaches"" detained in a Bangkok jail who claim to have evid‚Ä¶ https://t.co/LxpLdOrSOt",-0.4019,0.0,0.119,0.881
73,@CNN,Tue Mar 13 09:48:35 +0000 2018,This weekend was the first time films by black directors with mega budgets held the top 2 spots at the box office‚Ä¶ https://t.co/SLJA2bGcsl,0.2023,0.079,0.0,0.921
74,@CNN,Tue Mar 13 09:42:00 +0000 2018,"The Church of Scientology is set to premiere Scientology TV, a new network that will air on DirecTV and be availabl‚Ä¶ https://t.co/7L1xleEnPW",0.0,0.0,0.0,1.0
75,@CNN,Tue Mar 13 09:11:04 +0000 2018,"A new purported military video of an unidentified aircraft has been made public, following the Pentagon's acknowled‚Ä¶ https://t.co/BcNhibDhXm",0.0,0.0,0.0,1.0
76,@CNN,Tue Mar 13 09:00:17 +0000 2018,Actress Lynda Carter recounts alleged harassment on 'Wonder Woman' TV show set https://t.co/grsqbxCoKI https://t.co/XHQuXREQXT,-0.5423,0.0,0.212,0.788
77,@CNN,Tue Mar 13 08:26:01 +0000 2018,"A former Nazi SS guard known as ""the bookkeeper of Auschwitz"" has died before serving a four-year jail term, author‚Ä¶ https://t.co/dF7TgDoJHZ",-0.5574,0.0,0.167,0.833
78,@CNN,Tue Mar 13 08:05:07 +0000 2018,"The Church of Scientology is set to premiere Scientology TV, a new network that will air on DirecTV and be availabl‚Ä¶ https://t.co/QY5wsNuAuC",0.0,0.0,0.0,1.0
79,@CNN,Tue Mar 13 08:01:10 +0000 2018,"Elon Musk says his Mars rocket will fly ""short flights"" next year https://t.co/nVfXHv92he https://t.co/vj7komh3Hd",0.0,0.0,0.0,1.0
80,@CNN,Tue Mar 13 07:53:07 +0000 2018,US starts to prep for North Korea summit even as Pyongyang remains silent https://t.co/4HfOJtm589 https://t.co/brt9kUA1C0,0.0,0.0,0.0,1.0
81,@CNN,Tue Mar 13 07:51:03 +0000 2018,Hillary Clinton told a receptive audience in India that while she thought President Donald Trump played to some of‚Ä¶ https://t.co/qeWKoLJOJ4,0.34,0.118,0.0,0.882
82,@CNN,Tue Mar 13 07:31:03 +0000 2018,Overseas killings are built into the DNA of Russia's intelligence agencies | By Bertrand M. Patenaude via‚Ä¶ https://t.co/xoGZxUXu0q,-0.34,0.137,0.199,0.664
83,@CNN,Tue Mar 13 07:01:18 +0000 2018,China makes more fireworks than anywhere else in the world. @CNNStyle went inside one of the country's largest fire‚Ä¶ https://t.co/aGtseQf8Kl,0.0,0.0,0.0,1.0
84,@CNN,Tue Mar 13 07:01:06 +0000 2018,"The US government racked up a $215 billion deficit in February -- the largest monthly deficit in six years, new US‚Ä¶ https://t.co/RRMLTGFeGW",-0.6597,0.0,0.221,0.779
85,@CNN,Tue Mar 13 06:44:40 +0000 2018,"Novichok, the substance used in the attempted murder of Russian ex-spy Sergei Skripal and his daughter Yulia, is no‚Ä¶ https://t.co/5rPYr3QEge",-0.6908,0.0,0.198,0.802
86,@CNN,Tue Mar 13 06:31:07 +0000 2018,"Lead exposure may be responsible for nearly 10 times more deaths in the United States than previously thought, acco‚Ä¶ https://t.co/wpSRNmWIgJ",0.6249,0.221,0.0,0.779
87,@CNN,Tue Mar 13 06:29:26 +0000 2018,"There is an arrow hidden in the FedEx logo. (If you've never noticed it, prepare to be blown away.)

Hidden designs‚Ä¶ https://t.co/R1CAT4P7Qu",0.0,0.0,0.0,1.0
88,@CNN,Tue Mar 13 06:08:00 +0000 2018,"""Canadian aluminum is in your fighter jets, Canadian steel is in your tanks. There is no better security partner in‚Ä¶ https://t.co/NyUNIe7fSr",0.5719,0.264,0.084,0.651
89,@CNN,Tue Mar 13 06:06:08 +0000 2018,From the GOP with love -- Trump gets gift from Russia panel | Analysis by @StCollinson https://t.co/aDSq99ROys https://t.co/BW0kjuiMpN,0.7964,0.321,0.0,0.679
90,@CNN,Tue Mar 13 06:01:04 +0000 2018,"A new purported military video of an unidentified aircraft has been made public, following the Pentagon's acknowled‚Ä¶ https://t.co/NdNwdLAFel",0.0,0.0,0.0,1.0
91,@CNN,Tue Mar 13 05:46:05 +0000 2018,"A Powerball winner is allowed to stay anonymous while collecting her $560 million jackpot, a New Hampshire judge ha‚Ä¶ https://t.co/RXcFXEWdzU",0.5859,0.183,0.0,0.817
92,@CNN,Tue Mar 13 05:31:05 +0000 2018,"""To call the interview peculiar is an understatement,"" CNN legal analyst Jeffrey Toobin writes about a 2006 O.J. Si‚Ä¶ https://t.co/39THoBo0l1",0.2732,0.154,0.0,0.846
93,@CNN,Tue Mar 13 05:30:15 +0000 2018,US starts to prep for North Korea summit even as Pyongyang remains silent https://t.co/Vyl2o1mGe1 https://t.co/sQxpOaGqUq,0.0,0.0,0.0,1.0
94,@CNN,Tue Mar 13 05:16:05 +0000 2018,"One can get nostalgic and feel a loss when stores like Toys 'R' Us struggle, writes Kara Alaimo via @CNNOpinion. Bu‚Ä¶ https://t.co/gHO4kyQoFD",-0.2732,0.1,0.183,0.717
95,@CNN,Tue Mar 13 05:08:03 +0000 2018,Actress Lynda Carter recounts alleged harassment on 'Wonder Woman' TV show set https://t.co/7UIcBiXeZ6 https://t.co/l6QHsGwQtQ,-0.5423,0.0,0.212,0.788
96,@CNN,Tue Mar 13 05:01:03 +0000 2018,"""The special counsel is not an unguided missile."" In an interview, Deputy Attorney General Rod Rosenstein offered f‚Ä¶ https://t.co/qPrRZ0KTwY",0.4019,0.13,0.0,0.87
97,@CNN,Tue Mar 13 04:55:03 +0000 2018,Hillary Clinton told a receptive audience in India that while she thought President Donald Trump played to some of‚Ä¶ https://t.co/9q4vjI55xO,0.34,0.118,0.0,0.882
98,@CNN,Tue Mar 13 04:46:00 +0000 2018,"This Waffle House waitress took time to cut an elderly customer's ham, and the kind act won her a college scholarsh‚Ä¶ https://t.co/r0s0Pq2hnV",0.7184,0.261,0.077,0.662
99,@CNN,Tue Mar 13 04:40:03 +0000 2018,Moms still earn less than childless women -- and the gap isn't closing https://t.co/SsYZSqljR5 https://t.co/nDpbrt75Pk,0.0,0.0,0.0,1.0
100,@CNN,Tue Mar 13 04:31:36 +0000 2018,"The father of Joaquin Oliver, who was killed in the Florida school shooting, created a powerful mural to honor his‚Ä¶ https://t.co/JxsFDeNFEU",0.3612,0.281,0.158,0.561
1,@FoxNews,Tue Mar 13 18:49:34 +0000 2018,".@AGBecerra: ""Building walls - that's a medieval technology that doesn't really have a place in the 21st century.""‚Ä¶ https://t.co/bNtY113whH",0.0,0.0,0.0,1.0
2,@FoxNews,Tue Mar 13 18:40:09 +0000 2018,A little boy makes a touching tribute to an officer killed in the line of duty: saluting a memorial created for the‚Ä¶ https://t.co/VBmlfmDceh,-0.5423,0.082,0.184,0.735
3,@FoxNews,Tue Mar 13 18:36:58 +0000 2018,"Rex Tillerson: ‚ÄúTo the 300 plus million Americans, thank you for your devotion to a free and open society.‚Äù https://t.co/Zf5MwHUvA3",0.8316,0.355,0.0,0.645
4,@FoxNews,Tue Mar 13 18:32:03 +0000 2018,Rex Tillerson: ‚ÄúThe men and women in uniform at the Department of Defense under the leadership of Secretary Mattis‚Ä¶ https://t.co/u5uOEwr9IG,0.128,0.073,0.0,0.927
5,@FoxNews,Tue Mar 13 18:20:36 +0000 2018,Rex Tillerson: ‚ÄúMy commission as secretary of state will terminate at midnight March the 31st.‚Äù https://t.co/T9Ky8PTVG1,0.0,0.0,0.0,1.0
6,@FoxNews,Tue Mar 13 18:14:52 +0000 2018,Rex Tillerson: ‚ÄúWhat is most important is to ensure an orderly and smooth transition during a time that the country‚Ä¶ https://t.co/SLZdOIdXTP,0.5709,0.207,0.0,0.793
7,@FoxNews,Tue Mar 13 18:11:17 +0000 2018,Outgoing Secretary of State Rex Tillerson gives a statement https://t.co/MpBEImJVMi,0.296,0.216,0.0,0.784
8,@FoxNews,Tue Mar 13 18:08:28 +0000 2018,"Florida fishermen have close encounter with great white shark
https://t.co/0KhCJG4V1G",0.6249,0.313,0.0,0.687
9,@FoxNews,Tue Mar 13 17:57:22 +0000 2018,RT @dailybriefing: BREAKING NEWS: Tillerson to speak at 2pm - tune in to @FoxNews with @DanaPerino at the top of the hour #DailyBriefing,0.2023,0.079,0.0,0.921
10,@FoxNews,Tue Mar 13 17:51:59 +0000 2018,HEARTWARMING: A driver in Georgia went out of his way to help an elderly man cross a busy street Sunday in a heartw‚Ä¶ https://t.co/6WVGHjaYtD,0.7603,0.256,0.0,0.744
11,@FoxNews,Tue Mar 13 17:38:03 +0000 2018,JUST IN: Prosecutors to seek death penalty for Florida high school shooter https://t.co/BxtZbAZR1V,-0.7845,0.0,0.385,0.615
12,@FoxNews,Tue Mar 13 17:29:37 +0000 2018,.@HurdOnTheHill: ‚ÄúWe need to transition now into working on developing a strategy to counter Russian disinformation‚Ä¶ https://t.co/MyADj3fZGE,0.0,0.0,0.0,1.0
13,@FoxNews,Tue Mar 13 17:26:30 +0000 2018,.@HurdOnTheHill: ‚ÄúThe men and women in the CIA and the FBI are hardworking professionals that don‚Äôt follow any of t‚Ä¶ https://t.co/7AAUMFRKur,0.0,0.0,0.0,1.0
14,@FoxNews,Tue Mar 13 17:19:58 +0000 2018,CIA Deputy Director Gina Haspel released a statement on President @realDonaldTrump's plan to pick her to head the C‚Ä¶ https://t.co/nNQkEqP2v2,0.0,0.0,0.0,1.0
15,@FoxNews,Tue Mar 13 17:17:37 +0000 2018,68-year-old woman catches 130-pound ‚Äòmonster‚Äô fish on casual trip (via @JaninePuhak) https://t.co/gay4PqJyYD,0.2023,0.141,0.0,0.859
16,@FoxNews,Tue Mar 13 17:15:00 +0000 2018,"Heather Locklear facing 4 counts of battery on an officer, domestic violence charge dropped https://t.co/5rvIDmkVXB",-0.6249,0.0,0.24,0.76
17,@FoxNews,Tue Mar 13 17:13:30 +0000 2018,California @AGBecerra holds a news conference  https://t.co/QETO1lFt8K,0.0,0.0,0.0,1.0
18,@FoxNews,Tue Mar 13 17:09:59 +0000 2018,ABC News star Joy Behar finally apologizes for anti-Christian remarks: 'Vice President Pence is right' https://t.co/P4s2yMWGdp,0.743,0.31,0.0,0.69
19,@FoxNews,Tue Mar 13 16:57:00 +0000 2018,"RT @FoxBusiness: .@CharlesSchwab: ""The tax bill is one massive incentive that this country will grow at probably... a 4 [percent] number...‚Ä¶",0.3612,0.122,0.0,0.878
20,@FoxNews,Tue Mar 13 16:55:35 +0000 2018,"GOP resolution condemning anti-Semitic Louis Farrakhan puts pressure on Dems - via @brookefoxnews 
https://t.co/Opu68tLrUm",-0.296,0.0,0.155,0.845
21,@FoxNews,Tue Mar 13 16:54:37 +0000 2018,.@DonaldJTrumpJr: Dems Won't Let Go of Russia 'Witch Hunt' Despite House Intel Findings https://t.co/4sfKpN0fyi,-0.3612,0.0,0.161,0.839
22,@FoxNews,Tue Mar 13 16:45:57 +0000 2018,10-year-old boy in wheelchair becomes cop for a day https://t.co/pxZy8p8C4a,0.0,0.0,0.0,1.0
23,@FoxNews,Tue Mar 13 16:40:00 +0000 2018,"Female @Microsoft employees filed hundreds of harassment and discrimination complaints, lawsuit says https://t.co/Kct5DdLDFW",-0.7964,0.0,0.448,0.552
24,@FoxNews,Tue Mar 13 16:30:00 +0000 2018,Real Madrid superstar Sergio Ramos drives a tiny car https://t.co/fg4uKtRTME,0.0,0.0,0.0,1.0
25,@FoxNews,Tue Mar 13 16:21:23 +0000 2018,".@Stanford reverses decision, will allow American flag on College Republicans‚Äô apparel (via @calebparke)
https://t.co/FLG494QYEr",0.2263,0.128,0.0,0.872
26,@FoxNews,Tue Mar 13 16:15:00 +0000 2018,'Speed Queen' Valerie Thompson aiming to break 376 mph motorcycle record this weekend https://t.co/OmHt49KNV3,0.0,0.0,0.0,1.0
27,@FoxNews,Tue Mar 13 16:08:27 +0000 2018,OPINION: Why was Rex Tillerson fired? Think North Korea (via @FoxNewsOpinion) https://t.co/1ny9rirgfa,-0.5574,0.0,0.247,0.753
28,@FoxNews,Tue Mar 13 16:05:00 +0000 2018,"Nerve agent Novichock, used in ex-spy's poisoning, is 5 times stronger than VX or sarin https://t.co/8RIjiowVTV (via @luciasuarezsang)",-0.296,0.121,0.178,0.701
29,@FoxNews,Tue Mar 13 15:57:00 +0000 2018,"Car belonging to decapitated woman found in California, charges filed in survivalist bunker case https://t.co/JMkXpewLeX (via @travfed)",-0.2732,0.0,0.116,0.884
30,@FoxNews,Tue Mar 13 15:53:56 +0000 2018,"After @POTUS tweeted that CIA Director Mike Pompeo will replace Rex Tillerson as secretary of state, House Minority‚Ä¶ https://t.co/IDT6MwGy55",0.0,0.0,0.0,1.0
31,@FoxNews,Tue Mar 13 15:50:35 +0000 2018,.@michellemalkin: Hillary's Comments on Trump Voters Way Worse Than Calling Them 'Deplorables' https://t.co/bTBMTZ8wad,-0.4767,0.0,0.205,0.795
32,@FoxNews,Tue Mar 13 15:47:59 +0000 2018,"After @POTUS tweeted that CIA Director Mike Pompeo will replace Rex Tillerson as secretary of state, @SenSchumer is‚Ä¶ https://t.co/SlJNSBjYPp",0.0,0.0,0.0,1.0
33,@FoxNews,Tue Mar 13 15:43:25 +0000 2018,.@RepDeSantis: ‚ÄúThere‚Äôs no collusion between the Trump campaign and Russia.‚Äù https://t.co/GUYP0mXksd,-0.296,0.0,0.18,0.82
34,@FoxNews,Tue Mar 13 15:43:00 +0000 2018,"SXSW: Sadiq Khan shares death threats he's received, asks tech companies to fight hate, disinformation‚Ä¶ https://t.co/QUGJh90fQb",-0.8957,0.084,0.496,0.42
35,@FoxNews,Tue Mar 13 15:33:34 +0000 2018,.@RepDeSantis: ‚Äú[Mike Pompeo] understands the dangers posed by North Korea.‚Äù https://t.co/GZ8aWvSPvb,-0.4939,0.0,0.242,0.758
36,@FoxNews,Tue Mar 13 15:14:16 +0000 2018,".@DevinNunes: No Evidence of Trump-Russia Collusion, But 'Clear Links' Between Clinton Campaign &amp; Russians https://t.co/YWFx75LNyN",0.1027,0.146,0.124,0.73
37,@FoxNews,Tue Mar 13 15:05:38 +0000 2018,Gina Haspel named 1st female CIA director: 5 things to know about the career spymaster https://t.co/Jj9jk5FqYa,0.0,0.0,0.0,1.0
38,@FoxNews,Tue Mar 13 15:05:00 +0000 2018,"‚ÄúWe got along actually quite well but we disagreed on things.‚Äù

.@POTUS spoke to reporters about Rex Tillerson afte‚Ä¶ https://t.co/u0izQoe4F8",-0.3079,0.075,0.13,0.795
39,@FoxNews,Tue Mar 13 15:04:19 +0000 2018,Mike Pompeo picked as Trump's new secretary of state: What to know about him https://t.co/86nrFNf13M,0.0,0.0,0.0,1.0
40,@FoxNews,Tue Mar 13 14:57:14 +0000 2018,"Senators @marcorubio and @senorrinhatch hold a news conference to discuss the ""Stop School Violence Act."" https://t.co/1T2ZrmKE59",-0.743,0.0,0.326,0.674
41,@FoxNews,Tue Mar 13 14:51:13 +0000 2018,.@David_Bossie: ‚ÄúThis is just like Donald Trump to make these big changes so that he can get the next three years o‚Ä¶ https://t.co/ZdkVjhtG2U,0.3612,0.102,0.0,0.898
42,@FoxNews,Tue Mar 13 14:50:47 +0000 2018,.@David_Bossie: ‚ÄúThis president wants people around him that share his non-establishment way of doing things.‚Äù https://t.co/hN8ImkQp3a,0.296,0.128,0.0,0.872
43,@FoxNews,Tue Mar 13 14:27:57 +0000 2018,"Trump Explains Rex Tillerson's Firing, Will Speak to May on Poisoning of Ex-Russian Spy https://t.co/6hD0El5lqp",-0.7351,0.0,0.323,0.677
44,@FoxNews,Tue Mar 13 14:00:27 +0000 2018,"Craig Mack, Grammy Award-nominated rapper, dead at 46 https://t.co/wd0NH2qrkp",-0.6486,0.0,0.35,0.65
45,@FoxNews,Tue Mar 13 13:57:15 +0000 2018,"JUST IN: At least 1 dead, several others seriously injured in high school charter bus accident in Alabama https://t.co/E2XH0AuD2k",-0.8957,0.0,0.457,0.543
46,@FoxNews,Tue Mar 13 13:43:36 +0000 2018,Rex Tillerson's career as secretary of state under Trump https://t.co/Z6jDsVK4fa,0.0,0.0,0.0,1.0
47,@FoxNews,Tue Mar 13 13:37:10 +0000 2018,".@POTUS: ‚ÄúRight from the beginning, from day one, I‚Äôve gotten along well with Mike Pompeo.‚Äù https://t.co/c2PDVbP7YR https://t.co/3WHjc1e3lV",0.2732,0.116,0.0,0.884
48,@FoxNews,Tue Mar 13 13:35:25 +0000 2018,.@POTUS: ‚ÄúRex is a very good man‚Ä¶ I really appreciate his commitment and his service.‚Äù https://t.co/c2PDVbP7YR https://t.co/jXo9KWIvwJ,0.8422,0.43,0.0,0.57
49,@FoxNews,Tue Mar 13 13:34:21 +0000 2018,.@POTUS: ‚ÄúI think Mike Pompeo will be a truly great Secretary of State. I have total confidence in him.‚Äù‚Ä¶ https://t.co/MRK6oDGbN2,0.8834,0.407,0.0,0.593
50,@FoxNews,Tue Mar 13 13:31:51 +0000 2018,.@POTUS: ‚ÄúI wish Rex Tillerson well.‚Äù https://t.co/c2PDVbP7YR https://t.co/0XIGvqAhet,0.4019,0.278,0.0,0.722
51,@FoxNews,Tue Mar 13 13:25:27 +0000 2018,"Moments ago, CIA Director Mike Pompeo released a statement on President Donald Trump's plans to nominate him as Sec‚Ä¶ https://t.co/fDMfvNvKXQ",0.0,0.0,0.0,1.0
52,@FoxNews,Tue Mar 13 13:04:38 +0000 2018,LIVE Breaking News Coverage: Tillerson is out as Secretary of State https://t.co/c2PDVbP7YR https://t.co/lXIZPzIp3Z,0.0,0.0,0.0,1.0
53,@FoxNews,Tue Mar 13 13:00:48 +0000 2018,.@johnrobertsFox on Rex Tillerson to be replaced by Mike Pompeo https://t.co/c2PDVbP7YR https://t.co/mCPqK7J8UK,0.0,0.0,0.0,1.0
54,@FoxNews,Tue Mar 13 12:59:32 +0000 2018,Moments ago President @realDonaldTrump announced that Rex Tillerson will no longer be Secretary of State. Mike Pomp‚Ä¶ https://t.co/V30ZI930Jj,-0.296,0.0,0.115,0.885
55,@FoxNews,Tue Mar 13 12:51:42 +0000 2018,"JUST IN: @POTUS says Rex Tillerson out as Secretary of State, replaced by Mike Pompeo https://t.co/wbtC2UHnim",0.0,0.0,0.0,1.0
56,@FoxNews,Tue Mar 13 12:48:56 +0000 2018,BREAKING NEWS: Rex Tillerson is out as Secretary of State. Mike Pompeo to replace him. https://t.co/KDTH3DslUO,0.0,0.0,0.0,1.0
57,@FoxNews,Tue Mar 13 12:43:36 +0000 2018,.@michellemalkin: ‚ÄúThe city and county of Denver are safe spaces for all sorts of criminal aliens and deportation f‚Ä¶ https://t.co/XOnXuY4knR,-0.128,0.119,0.14,0.741
58,@FoxNews,Tue Mar 13 12:37:50 +0000 2018,.@DevinNunes: ‚ÄúWe did find clear links between the Russians and the Hillary Clinton campaign.‚Äù https://t.co/LnTQiT60H6,0.3818,0.157,0.0,0.843
59,@FoxNews,Tue Mar 13 12:35:37 +0000 2018,.@DevinNunes: ‚ÄúWe spent 14 months on this investigation looking for collusion. We didn‚Äôt find any.‚Äù https://t.co/fAcwZTkxF4,0.0,0.0,0.0,1.0
60,@FoxNews,Tue Mar 13 12:34:48 +0000 2018,".@DevinNunes: ‚ÄúWe have serious, real problems in this country‚Ä¶ we need to get our FBI and our intelligence agencies‚Ä¶ https://t.co/XggQZ6korJ",0.0258,0.129,0.166,0.705
61,@FoxNews,Tue Mar 13 12:31:17 +0000 2018,"Massive, 6-inch hairy spider saved from mind-blowing Australian flood https://t.co/puN6Pqf8fL",0.4215,0.237,0.0,0.763
62,@FoxNews,Tue Mar 13 12:28:22 +0000 2018,".@AndyPuzder: ‚ÄúIt‚Äôd be an honor to serve in this administration. President asks you to serve, you serve.‚Äù https://t.co/il1TE3Xpn3",0.4939,0.158,0.0,0.842
63,@FoxNews,Tue Mar 13 12:25:39 +0000 2018,"RT @FoxBusiness: .@Saccone4PA18 on the economy: ""It's amazing what's going on and we're just getting started... There's a lot more to come.‚Ä¶",0.5859,0.16,0.0,0.84
64,@FoxNews,Tue Mar 13 12:22:46 +0000 2018,Driver stops to help elderly man cross street https://t.co/EWYvVMbnZC,0.2732,0.239,0.142,0.619
65,@FoxNews,Tue Mar 13 12:21:57 +0000 2018,".@Johnny_Joey: ""We should be having a serious conversation about our culture and about detecting these things, surv‚Ä¶ https://t.co/7t9pg7t4hV",-0.0772,0.0,0.075,0.925
66,@FoxNews,Tue Mar 13 12:17:41 +0000 2018,.@Johnny_Joey on Austin package bombs: ‚ÄúIf you see one of these packages without any type of labeling or postage on‚Ä¶ https://t.co/lxoqFO7vdu,0.0,0.0,0.0,1.0
67,@FoxNews,Tue Mar 13 12:10:38 +0000 2018,.@DonaldJTrumpJr on @Saccone4PA18 and special election for Pennsylvania House seat @foxandfriends‚Ä¶ https://t.co/JFSYmtSjlf,0.4019,0.197,0.0,0.803
68,@FoxNews,Tue Mar 13 12:05:00 +0000 2018,Austin package bombs made with 'certain level of skill'; residents keep cautious eye on deliveries (via @travfed)  https://t.co/LI8X9b5O35,0.1779,0.108,0.072,0.821
69,@FoxNews,Tue Mar 13 12:01:19 +0000 2018,.@DonaldJTrumpJr on @POTUS to inspect California border wall prototypes: ‚ÄúHe knows how to build and once he gets th‚Ä¶ https://t.co/nfSEpw3iNb,0.0,0.0,0.0,1.0
70,@FoxNews,Tue Mar 13 11:47:02 +0000 2018,.@DonaldJTrumpJr on House Intelligence Committee's report: ‚ÄúI‚Äôm not surprised.‚Äù https://t.co/DMaKzRzJAi‚Ä¶ https://t.co/WxUOIYrery,0.4767,0.237,0.0,0.763
71,@FoxNews,Tue Mar 13 11:32:32 +0000 2018,.@Saccone4PA18 on tariffs: ‚ÄúOur steel workers can compete anywhere in the world on a level playing field.‚Äù‚Ä¶ https://t.co/ChRjFcjb1N,0.2023,0.101,0.0,0.899
72,@FoxNews,Tue Mar 13 11:22:52 +0000 2018,.@Saccone4PA18 on special election for Pennsylvania House seat on @foxandfriends https://t.co/8cdJz16pUD https://t.co/toj1nRWLko,0.4019,0.197,0.0,0.803
73,@FoxNews,Tue Mar 13 11:17:38 +0000 2018,.@KidRock to be inducted into @WWE Hall of Fame https://t.co/tnaO8shpU4 https://t.co/My2uUlRnUm,0.4404,0.225,0.0,0.775
74,@FoxNews,Tue Mar 13 11:14:05 +0000 2018,Secretary Mattis in Afghanistan for peace talks https://t.co/7XgOsky88N @foxandfriends https://t.co/ypLOHdhcNA,0.5423,0.28,0.0,0.72
75,@FoxNews,Tue Mar 13 11:03:28 +0000 2018,OPINION: Our police need better training. Florida school shooting failures make this more imperative (via‚Ä¶ https://t.co/Kx8S6rUdqW,-0.0258,0.146,0.151,0.704
76,@FoxNews,Tue Mar 13 10:53:29 +0000 2018,".@Judgenap on the House Intel Committee:  ""The have highly...politicized what they are supposed to do.""‚Ä¶ https://t.co/aDKzaUJqGP",0.0,0.0,0.0,1.0
77,@FoxNews,Tue Mar 13 10:45:33 +0000 2018,Kid Rock to be inducted into WWE Hall of Fame during WrestleMania weekend https://t.co/4u3ibFZZo5,0.4404,0.182,0.0,0.818
78,@FoxNews,Tue Mar 13 10:41:48 +0000 2018,"""The reason I'm voting for @Saccone4PA18 is because he's a man of integrity.""

Pennsylvania diners weigh in on toda‚Ä¶ https://t.co/NIWuHTRJlS",0.0,0.0,0.0,1.0
79,@FoxNews,Tue Mar 13 10:36:41 +0000 2018,Church of Scientology launches TV channel https://t.co/7TyeFu43FA,0.0,0.0,0.0,1.0
80,@FoxNews,Tue Mar 13 10:34:46 +0000 2018,SF pedestrian fatally struck by vehicle on Golden Gate Bridge after fleeing patrol https://t.co/4OEuHTh6eF,-0.7351,0.0,0.341,0.659
81,@FoxNews,Tue Mar 13 10:32:45 +0000 2018,"""Especially given the timing, it was just absolutely ludicrous.""

High school student Shir Levy reacts to the NYPD‚Ä¶ https://t.co/7ePzkQFf84",0.0,0.0,0.0,1.0
82,@FoxNews,Tue Mar 13 10:26:19 +0000 2018,"""These suspects, they do have a certain level of skill.""

Austin Police @chief_manley updates on the string of pack‚Ä¶ https://t.co/vXTRu2A4lM",-0.0772,0.098,0.112,0.791
83,@FoxNews,Tue Mar 13 10:16:38 +0000 2018,Disney uses vegan Impossible Burger in its 'No Meatball' sandwich https://t.co/735EJWglS9,-0.296,0.0,0.18,0.82
84,@FoxNews,Tue Mar 13 10:14:37 +0000 2018,'Six Million Dollar Man' star Lee Majors says he was hesitant to take on role https://t.co/1lp0w7eNvW,-0.25,0.0,0.118,0.882
85,@FoxNews,Tue Mar 13 10:13:48 +0000 2018,"OPINION: In Pennsylvania special election, the silence of Democrat Conor Lamb speaks volumes to #Trump voters https://t.co/AFVQOOFMN1",0.4019,0.144,0.0,0.856
86,@FoxNews,Tue Mar 13 10:10:41 +0000 2018,"Air duct at Kalahari Resort water park falls into pool, injures 5 https://t.co/xhZ3aZHpRj",0.0,0.0,0.0,1.0
87,@FoxNews,Tue Mar 13 10:08:39 +0000 2018,"No honeymoon: US relations, EU future challenge Merkel https://t.co/JqNgyUFjVq",-0.2263,0.124,0.21,0.667
88,@FoxNews,Tue Mar 13 10:06:47 +0000 2018,Judge throws out Massachusetts lawsuit over Trump birth control rules https://t.co/7mup9k66yj,-0.2263,0.0,0.16,0.84
89,@FoxNews,Tue Mar 13 10:05:10 +0000 2018,How safe are helicopter tours? https://t.co/ObKE3TMwwB,0.4404,0.367,0.0,0.633
90,@FoxNews,Tue Mar 13 10:02:57 +0000 2018,Bride driving to her wedding arrested for DUI https://t.co/DTxyLztGxt,-0.4767,0.0,0.279,0.721
91,@FoxNews,Tue Mar 13 10:00:18 +0000 2018,".@GiannoCaldwell on voting booths in Cook County jails: ""When you go into jail, it is a punishment, so you lose cer‚Ä¶ https://t.co/8k97pN275A",-0.7334,0.0,0.245,0.755
92,@FoxNews,Tue Mar 13 09:55:40 +0000 2018,".@Theonlyhonest on voting booths in Cook County jails: ""People in jail have the presumption of innocence. They're s‚Ä¶ https://t.co/4grUeqq1a2",0.3818,0.126,0.0,0.874
93,@FoxNews,Tue Mar 13 09:50:35 +0000 2018,Authorities searching for person of interest in New York college student‚Äôs killing may face extradition hurdles https://t.co/5g7F9bNOhV,-0.34,0.134,0.196,0.67
94,@FoxNews,Tue Mar 13 09:47:48 +0000 2018,Family's Mexican vacation goes wrong when father loses two fingers in jungle UTV crash https://t.co/rsXqUHaTnq,-0.7964,0.0,0.403,0.597
95,@FoxNews,Tue Mar 13 09:46:02 +0000 2018,"Lion Air passenger apprehended for wearing life vest on flight, spreading panic https://t.co/P6voQXr6Ea",-0.5106,0.0,0.216,0.784
96,@FoxNews,Tue Mar 13 09:43:15 +0000 2018,The Eiffel Tower could soon be repainted to its original bright color https://t.co/Mgz3HIKR4U,0.6369,0.321,0.0,0.679
97,@FoxNews,Tue Mar 13 09:41:18 +0000 2018,"Annette Funicello feared 'people wouldn't love her' after MS diagnosis, claims Mouseketeer https://t.co/XmxDZqmBCu",-0.7627,0.0,0.374,0.626
98,@FoxNews,Tue Mar 13 09:39:18 +0000 2018,"Mike Baker on Austin package explosions: ""If you see something, say something, and don't touch that something.""‚Ä¶ https://t.co/z9pffkFXFH",0.0,0.0,0.0,1.0
99,@FoxNews,Tue Mar 13 09:30:48 +0000 2018,President Donald #Trump on Monday blocked Singapore-based Broadcom‚Äôs $117 billion bid to acquire Qualcomm on nation‚Ä¶ https://t.co/fAcT5wvX8C,-0.2732,0.0,0.116,0.884
100,@FoxNews,Tue Mar 13 09:30:00 +0000 2018,Dog reportedly waits months outside hospital for dead owner to return https://t.co/fQO35sKdlp,-0.6486,0.0,0.281,0.719
1,@nytimes,Tue Mar 13 18:52:27 +0000 2018,"Prosecutors will seek the death penalty for Nikolas Cruz, the Parkland school hooting suspect https://t.co/XtgSjPBKoZ",-0.8442,0.0,0.431,0.569
2,@nytimes,Tue Mar 13 18:48:03 +0000 2018,Britain has financial and diplomatic weapons it can use against Russia to respond to the suspected poisoning of a f‚Ä¶ https://t.co/Zu7V37qvSi,-0.8225,0.0,0.336,0.664
3,@nytimes,Tue Mar 13 18:38:03 +0000 2018,Some new restaurants you just know are going to be copied like Chanel handbags. See: Babu Ji. https://t.co/Gl3IUaUu3L,0.3612,0.128,0.0,0.872
4,@nytimes,Tue Mar 13 18:28:05 +0000 2018,"RT @nytpolitics: Tillerson's firing caught even the White House staff by surprise. A day earlier, a White House spokesman berated a reporte‚Ä¶",-0.0772,0.098,0.112,0.791
5,@nytimes,Tue Mar 13 18:18:03 +0000 2018,It was the eye roll seen across China https://t.co/S4mDOaSRD3,0.0,0.0,0.0,1.0
6,@nytimes,Tue Mar 13 18:08:03 +0000 2018,"Analysts are fond of describing the U.S. health care system as wasteful, but a new study questions that conclusion https://t.co/I3dLV5tjYu",0.4678,0.192,0.0,0.808
7,@nytimes,Tue Mar 13 17:58:06 +0000 2018,RT @nytimesbusiness: Factories in China's aluminum industry show just how hard it may for Trump to influence Beijing's policies with tariff‚Ä¶,-0.1027,0.0,0.065,0.935
8,@nytimes,Tue Mar 13 17:48:02 +0000 2018,"Analysis: Mike Pompeo has been an enthusiastic defender of President Trump's policies, to the point that many senio‚Ä¶ https://t.co/ICMgCbUfz3",0.5574,0.213,0.0,0.787
9,@nytimes,Tue Mar 13 17:38:06 +0000 2018,"RT @nytgraphics: Trump wants a border wall. We mapped what's in place already:
https://t.co/gT05vk1j5g https://t.co/YW25Ap71sh",0.0,0.0,0.0,1.0
10,@nytimes,Tue Mar 13 17:37:43 +0000 2018,"We're not saying a No. 16 is going to beat a No.1.
We're just saying Penn could maybe possibly beat Kansas.
Maybe. https://t.co/LPYBGPkKsV",0.2235,0.086,0.0,0.914
11,@nytimes,Tue Mar 13 17:28:06 +0000 2018,RT @UpshotNYT: The Upshot's live forecast is back. Questions? We have answers. https://t.co/UdmHhhZwuS,0.0,0.0,0.0,1.0
12,@nytimes,Tue Mar 13 17:19:49 +0000 2018,President Trump's personal assistant was escorted from the White House after his security clearance was revoked. Bu‚Ä¶ https://t.co/WBctd2bljy,0.34,0.124,0.0,0.876
13,@nytimes,Tue Mar 13 17:16:04 +0000 2018,Two of the women have described incidents over the past 10 years in which they were sent to Meier‚Äôs New York apartm‚Ä¶ https://t.co/OieiMDJg5o,0.0,0.0,0.0,1.0
14,@nytimes,Tue Mar 13 17:14:31 +0000 2018,"Five women told The Times that the star architect Richard Meier sexually harassed them. In response, he announced a‚Ä¶ https://t.co/tylxvLa39Y",-0.5423,0.0,0.156,0.844
15,@nytimes,Tue Mar 13 16:58:05 +0000 2018,RT @nytimesbusiness: The hope is for a commercial network of flying taxis in New Zealand in as soon as three years https://t.co/Mg4Z0jOtY2,0.4404,0.127,0.0,0.873
16,@nytimes,Tue Mar 13 16:48:07 +0000 2018,"Charles Manson's purported grandson has said he wants to give him a ""proper burial"" by spreading his ashes https://t.co/TXHoQlpuzQ",0.0,0.0,0.0,1.0
17,@nytimes,Tue Mar 13 16:46:01 +0000 2018,"Joseph Percoco, a former top aide to Gov. Andrew Cuomo, was found guilty of taking bribes from people seeking state‚Ä¶ https://t.co/xWluysTLqX",-0.25,0.08,0.124,0.796
18,@nytimes,Tue Mar 13 16:37:40 +0000 2018,"If confirmed as secretary of state, Mike Pompeo is likely to be one of the most conservative secretaries of state i‚Ä¶ https://t.co/9evzWHus0r",0.0,0.0,0.0,1.0
19,@nytimes,Tue Mar 13 16:28:04 +0000 2018,"Two people were killed and 3 injured in 3 separate package explosions in Austin, Texas, this month. Police believe‚Ä¶ https://t.co/t1rkNpGDzU",-0.802,0.0,0.31,0.69
20,@nytimes,Tue Mar 13 16:18:08 +0000 2018,"Before there were ""brand ambassadors,"" there were Hubert de Givenchy and Audrey Hepburn https://t.co/8NoK16y7F7",0.0,0.0,0.0,1.0
21,@nytimes,Tue Mar 13 16:08:05 +0000 2018,"Congress quashed research into gun violence. In the 22 years since, more than 600,000 people have been shot. https://t.co/2yGbmm7ZbL",-0.7579,0.0,0.277,0.723
22,@nytimes,Tue Mar 13 15:58:06 +0000 2018,"John McEntee, who served as President Trump's personal assistant, was forced out and escorted from the White House‚Ä¶ https://t.co/tlAVTHn9HU",-0.4588,0.0,0.143,0.857
23,@nytimes,Tue Mar 13 15:48:04 +0000 2018,"RT @grynbaum: REPORTER: Did you fire him because he called you a moron?

TRUMP: What?

REPORTER: Did you fire him because he called you a m‚Ä¶",-0.8105,0.0,0.285,0.715
24,@nytimes,Tue Mar 13 15:41:07 +0000 2018,A spokesman for ICE has resigned. saying that he could no longer ‚Äúbear the burden‚Äù of spreading falsehoods on behal‚Ä¶ https://t.co/wXqWfkUBRu,-0.4939,0.0,0.189,0.811
25,@nytimes,Tue Mar 13 15:34:48 +0000 2018,RT @sapna: brands know it's easy to fake popularity on social media but still want to hire influencers. so they're turning to companies tha‚Ä¶,0.34,0.198,0.075,0.727
26,@nytimes,Tue Mar 13 15:28:01 +0000 2018,RT @nytpolitics: Over the past 14 months there have been at least eight complaints against White House officials for potential violations o‚Ä¶,-0.7269,0.0,0.234,0.766
27,@nytimes,Tue Mar 13 15:18:02 +0000 2018,The Metropolitan Opera fired James Levine over sexual misconduct accusations. It may be time to reconsider the vast‚Ä¶ https://t.co/6eODH4lVqy,-0.7096,0.0,0.258,0.742
28,@nytimes,Tue Mar 13 15:08:03 +0000 2018,RT @nytgraphics: We asked a panel of experts how they think power has shifted in Asia in the past five years https://t.co/EEYfPG37Sc,0.0,0.0,0.0,1.0
29,@nytimes,Tue Mar 13 14:58:04 +0000 2018,How young is too young for a national gun-violence walkout? Principals and school districts are wrestling with the‚Ä¶ https://t.co/vo3Pd5baZ6,-0.3182,0.0,0.119,0.881
30,@nytimes,Tue Mar 13 14:48:05 +0000 2018,Pennsylvania's special House election has evolved into the latest test of whether Democrats can make inroads in a d‚Ä¶ https://t.co/fNjDjoh7lf,0.4019,0.13,0.0,0.87
31,@nytimes,Tue Mar 13 14:46:17 +0000 2018,RT @nytpolitics: President Trump answered questions about the State Department shake-up on the South Lawn of the White House. Here is a tra‚Ä¶,0.0,0.0,0.0,1.0
32,@nytimes,Tue Mar 13 14:38:09 +0000 2018,RT @nytimesbusiness: Reese Witherspoon and Nicole Kidman are winning the streaming wars https://t.co/ODm5arBLVA,-0.0516,0.189,0.2,0.611
33,@nytimes,Tue Mar 13 14:30:05 +0000 2018,"Russia's foreign minister said that his country had nothing to do with the poisoning of a former Russian spy, dismi‚Ä¶ https://t.co/9oLsR8rqNg",-0.5859,0.0,0.167,0.833
34,@nytimes,Tue Mar 13 14:15:41 +0000 2018,Correction: We've deleted an earlier tweet to this story that misstated Gina Haspel's current role. She is Presiden‚Ä¶ https://t.co/6JdLCtfzsX,0.0,0.0,0.0,1.0
35,@nytimes,Tue Mar 13 14:14:05 +0000 2018,"President Trump‚Äôs pick for CIA chief is Gina Haspel. In February 2017, we reported that she oversaw the torture of‚Ä¶ https://t.co/wQNhFuOmoX",-0.5994,0.0,0.163,0.837
36,@nytimes,Tue Mar 13 14:00:16 +0000 2018,Morning¬†Briefing: Here's what you need to know to start your day https://t.co/LxNRU3Do35 https://t.co/CFZj9mLUMq,0.0,0.0,0.0,1.0
37,@nytimes,Tue Mar 13 13:45:08 +0000 2018,"""I have trouble settling down, and he's got very rhythmic breathing,‚Äù said a woman of her dog. ""It's almost like wh‚Ä¶ https://t.co/Hbjrq3PJIh",-0.1263,0.092,0.113,0.795
38,@nytimes,Tue Mar 13 13:20:08 +0000 2018,How Trump blocked the biggest-ever tech takeover https://t.co/bOJdeC1aeq,-0.2732,0.0,0.231,0.769
39,@nytimes,Tue Mar 13 13:14:02 +0000 2018,"Mike Pompeo has called for the Iran nuclear agreement to be ripped up, played down talk of Russia's interference in‚Ä¶ https://t.co/TBJaQ15iO7",0.6808,0.228,0.0,0.772
40,@nytimes,Tue Mar 13 12:57:35 +0000 2018,"Breaking News: Secretary of State Rex Tillerson is out, after a rocky tenure. President Trump will replace him with‚Ä¶ https://t.co/G6uSq5HW1E",0.0,0.0,0.0,1.0
41,@nytimes,Tue Mar 13 12:45:09 +0000 2018,Stephen Colbert asks why President Trump is scared of Stormy Daniels. Our late-night roundup: https://t.co/TuHDwqsBN0,-0.4404,0.0,0.172,0.828
42,@nytimes,Tue Mar 13 12:30:07 +0000 2018,Trump finds an unlikely culprit in school shootings: an Obama-era guidance document that sought to rein in the susp‚Ä¶ https://t.co/GmAdtaVdZh,0.0,0.0,0.0,1.0
43,@nytimes,Tue Mar 13 12:16:05 +0000 2018,The police have warned residents not to touch any unexpected packages after 2 people have been killed in package ex‚Ä¶ https://t.co/egIPvvypRt,-0.765,0.0,0.268,0.732
44,@nytimes,Tue Mar 13 12:00:13 +0000 2018,Morning¬†Briefing: Here's what you need to know to start your day https://t.co/Hcp9YkqqhZ https://t.co/4S9nXzzKRC,0.0,0.0,0.0,1.0
45,@nytimes,Tue Mar 13 11:45:03 +0000 2018,"In Opinion

The editorial board¬†writes: ""While President Trump has allowed Vladimir Putin a free hand to meddle in‚Ä¶ https://t.co/nrG76fGia7",0.7579,0.277,0.0,0.723
46,@nytimes,Tue Mar 13 11:31:04 +0000 2018,"RT @nytimesworld: The billionaire Boris Berezovsky, a bitter Putin opponent who was found hanging in a locked bathroom in London, used to s‚Ä¶",-0.4215,0.0,0.123,0.877
47,@nytimes,Tue Mar 13 11:16:08 +0000 2018,Japan is scrambling to remain diplomatically relevant as President Trump moderates his tone in preparation for a po‚Ä¶ https://t.co/WEUSKEnBK3,0.0,0.0,0.0,1.0
48,@nytimes,Tue Mar 13 11:00:12 +0000 2018,"Venezuela placed the opposition leader Leopoldo L√≥pez under house arrest, hoping to keep him quiet. But he continue‚Ä¶ https://t.co/n7Ln3GwvXG",0.1027,0.126,0.108,0.766
49,@nytimes,Tue Mar 13 10:45:07 +0000 2018,Venus Williams now has her first victory over Serena since 2014 https://t.co/nMiDMGWOJ6,0.0,0.0,0.0,1.0
50,@nytimes,Tue Mar 13 10:30:11 +0000 2018,Morning¬†Briefing: Here's what you need to know to start your day https://t.co/WK74EQPQT7 https://t.co/2apUa1f9ib,0.0,0.0,0.0,1.0
51,@nytimes,Tue Mar 13 10:16:05 +0000 2018,A part-time DJ and a karate black belt were vying to be the next leader of arguably the world's most influential ba‚Ä¶ https://t.co/trZkzPMcG0,0.2944,0.132,0.083,0.785
52,@nytimes,Tue Mar 13 10:00:21 +0000 2018,These casual environments where alcohol lightens the mood and erodes boundaries prompt restaurant workers to ask: H‚Ä¶ https://t.co/xBI7nYIkaI,0.2023,0.096,0.0,0.904
53,@nytimes,Tue Mar 13 09:45:04 +0000 2018,"""The Nepali people were saying, 'Bachaau, bachaau,' which means 'Save me, save me,''"" said an army rescuer. ""The Ba‚Ä¶ https://t.co/yIkJRpeFnX",0.7506,0.262,0.0,0.738
54,@nytimes,Tue Mar 13 09:30:15 +0000 2018,"RT @nytimesworld: The government in Slovakia, struggling to stay in power after the murder of a journalist who exposed corruption, says a t‚Ä¶",-0.8316,0.0,0.328,0.672
55,@nytimes,Tue Mar 13 09:16:06 +0000 2018,"""It is now clear that Mr. Skripal and his daughter were poisoned with a military-grade nerve agent of a type develo‚Ä¶ https://t.co/5lik3jnrzW",-0.1531,0.109,0.134,0.756
56,@nytimes,Tue Mar 13 08:59:03 +0000 2018,"Oskar Gr√∂ning, the ""bookkeeper of Auschwitz,"" was accused as an accomplice in the murder of some 300,000 Hungarian‚Ä¶ https://t.co/d2DpENNOXp",-0.7845,0.0,0.289,0.711
57,@nytimes,Tue Mar 13 08:45:06 +0000 2018,"RT @nytimesworld: Archaeological sites in South Africa suggest that prehistoric humans thrived after the Toba supereruption 74,000 years ag‚Ä¶",0.0,0.0,0.0,1.0
58,@nytimes,Tue Mar 13 08:31:04 +0000 2018,"""I know that Russian security services are capable of assassinations in London or any part of the world if a decisi‚Ä¶ https://t.co/gbmOBuyU4e",0.0772,0.187,0.139,0.674
59,@nytimes,Tue Mar 13 08:14:05 +0000 2018,"RT @nytimesworld: France's far-right leader Marine Le Pen is proposing a new name for her National Front party, hoping to boost its elector‚Ä¶",0.802,0.301,0.0,0.699
60,@nytimes,Tue Mar 13 08:02:06 +0000 2018,The Metropolitan Opera fired the conductor James Levine after an investigation found what the Met called credible e‚Ä¶ https://t.co/hNdxppAIbQ,-0.5574,0.0,0.167,0.833
61,@nytimes,Tue Mar 13 07:47:06 +0000 2018,RT @UpshotNYT: China broke with its longstanding policy of prioritizing economic growth over environmental concerns to fight air pollution‚Ä¶,-0.4215,0.108,0.225,0.667
62,@nytimes,Tue Mar 13 07:30:10 +0000 2018,These extraordinary women ‚Äî and so many others ‚Äî did not have obituaries in The New York Times. Until now. https://t.co/fHWoWxD50v,0.0,0.0,0.0,1.0
63,@nytimes,Tue Mar 13 07:17:01 +0000 2018,Millions of women and children work as sex slaves in India. Meet the woman who has put her life at risk to rescue 2‚Ä¶ https://t.co/EUOR46WX4p,0.296,0.116,0.074,0.81
64,@nytimes,Tue Mar 13 07:02:01 +0000 2018,The United States‚Äô military capabilities still dominate Asia. But China has started to wield growing military power‚Ä¶ https://t.co/UVfQsXgrK7,0.4588,0.214,0.071,0.714
65,@nytimes,Tue Mar 13 06:55:53 +0000 2018,"Your Money Adviser: Interest on Home Equity Loans Is Still Deductible, but With a Big Caveat https://t.co/TbjAgs1NrZ",0.25,0.118,0.0,0.882
66,@nytimes,Tue Mar 13 06:34:55 +0000 2018,"For more than 3 decades, her murder remained unsolved. The authorities now have a suspect. https://t.co/TGe65Y3q1k",-0.7845,0.0,0.365,0.635
67,@nytimes,Tue Mar 13 06:18:01 +0000 2018,RT @NYTSports: Sweden's sled hockey goalie at the Paralympics is 53. And he isn't even the oldest player on his team. Or the oldest goalie‚Ä¶,0.0,0.0,0.0,1.0
68,@nytimes,Tue Mar 13 05:58:54 +0000 2018,Editorial: Democrats Can‚Äôt Win if They Don‚Äôt Run https://t.co/Eo7ixF9h6e,0.5859,0.322,0.0,0.678
69,@nytimes,Tue Mar 13 05:52:28 +0000 2018,"‚ÄúI lied,‚Äù said the antiques dealer. ‚ÄúI cheated. I stole.‚Äù And he succeeded, temporarily. https://t.co/O1jS97Lzu2",-0.128,0.155,0.182,0.663
70,@nytimes,Tue Mar 13 05:36:00 +0000 2018,Here's how to eat less sugar without sacrificing much ‚Äî if any ‚Äî of the pleasures of eating https://t.co/8iZ2wPdv4R,0.4404,0.153,0.0,0.847
71,@nytimes,Tue Mar 13 05:18:02 +0000 2018,"RT @nytimesworld: The billionaire Boris Berezovsky, a bitter Putin opponent who was found hanging in a locked bathroom in London, used to s‚Ä¶",-0.4215,0.0,0.123,0.877
72,@nytimes,Tue Mar 13 05:00:21 +0000 2018,"Servers ignore comments about their bodies, laugh off propositions and deflect behavior that makes them uncomfortab‚Ä¶ https://t.co/w8qLIn6BYM",0.2732,0.171,0.118,0.711
73,@nytimes,Tue Mar 13 04:47:01 +0000 2018,"RT @NYTStyles: ""As a gynecologist I am frequently asked about the 'right number' of times to have sex a month. There isn‚Äôt one."" Read the l‚Ä¶",0.0772,0.056,0.0,0.944
74,@nytimes,Tue Mar 13 04:32:07 +0000 2018,Scientists have found another way to tell alligators and crocodiles apart https://t.co/0xWWmIDNzf,0.0,0.0,0.0,1.0
75,@nytimes,Tue Mar 13 04:17:05 +0000 2018,"‚ÄúNo one can predict what will happen to Cuba in the coming years, which is why you must rush there now. As in, righ‚Ä¶ https://t.co/Z7eLxUuOEn",0.0,0.0,0.0,1.0
76,@nytimes,Tue Mar 13 04:02:01 +0000 2018,"President Trump is making his first visit as president to California on Tuesday, but he has not made plans to meet‚Ä¶ https://t.co/5Eg29bXELj",0.0,0.0,0.0,1.0
77,@nytimes,Tue Mar 13 03:46:03 +0000 2018,"Here are 6 NCAA bracket busters that @marcatracy and @zschonbrun think could hit. (Including, yes, a No. 16 beating‚Ä¶ https://t.co/xHuqubJL6a",0.128,0.129,0.105,0.766
78,@nytimes,Tue Mar 13 03:32:07 +0000 2018,How to stop eating sugar https://t.co/ua89Cgmtye https://t.co/vz5wJ0F6FO,-0.296,0.0,0.268,0.732
79,@nytimes,Tue Mar 13 03:17:06 +0000 2018,"RT @nytopinion: The story of the rise of Peter Navarro, the president‚Äôs trade czar, tells you a lot about the nature of the Trump administr‚Ä¶",0.0,0.0,0.0,1.0
80,@nytimes,Tue Mar 13 03:02:06 +0000 2018,Before there was Rosa Parks there was Viola Desmond. Now Canada is putting her on its currency. https://t.co/8wn9FG94UW,0.0,0.0,0.0,1.0
81,@nytimes,Tue Mar 13 02:51:01 +0000 2018,"""I will ask myself more compassionate questions and look for nonjudgmental answers,"" wrote one of the nearly 1,200‚Ä¶ https://t.co/TArmYVykD9",0.5413,0.163,0.0,0.837
82,@nytimes,Tue Mar 13 02:41:00 +0000 2018,"The investigation, which the Met opened in December after this report in The New York Times, found evidence of abus‚Ä¶ https://t.co/U9hEy3qB0j",0.0,0.0,0.0,1.0
83,@nytimes,Tue Mar 13 02:30:10 +0000 2018,‚ÄúA photograph is a secret about a secret. The more it tells you the less you know.‚Äù ‚Äî Diane Arbus‚Ä¶ https://t.co/cDflOWTAcw,0.0,0.0,0.0,1.0
84,@nytimes,Tue Mar 13 02:17:04 +0000 2018,Secretary of State Rex Tillerson called the poisoning of a former Russian spy in Britain ‚Äúan egregious act‚Äù and add‚Ä¶ https://t.co/XWEw3dg7um,-0.5859,0.0,0.167,0.833
85,@nytimes,Tue Mar 13 02:02:02 +0000 2018,"The man patted his lap, beckoned her to sit and said, ""I'm a great tipper."" Restaurant servers talk about the haras‚Ä¶ https://t.co/q5lKn70vyJ",0.6249,0.17,0.0,0.83
86,@nytimes,Tue Mar 13 01:47:01 +0000 2018,RT @nytopinion: A stranger snapped a photo of my daughter mesmerized by Amy Sherald's portrait of Michelle Obama. The image resonated with‚Ä¶,0.0,0.0,0.0,1.0
87,@nytimes,Tue Mar 13 01:32:04 +0000 2018,New England is bracing for yet another winter storm ‚Äî a third in less than two weeks https://t.co/xMeFdHyFHZ,0.0,0.0,0.0,1.0
88,@nytimes,Tue Mar 13 01:17:07 +0000 2018,"RT @marcatracy: Two years ago, all six of the first-round upsets @zschonbrun and I picked were right. so maybe you'll want to consult this‚Ä¶",-0.235,0.062,0.1,0.838
89,@nytimes,Tue Mar 13 01:02:05 +0000 2018,Evening Briefing: Here's what you need to know at the end of the day https://t.co/qHy2he7FzU,0.0,0.0,0.0,1.0
90,@nytimes,Tue Mar 13 00:47:03 +0000 2018,"If you plan to visit Brazil, the CDC says you will need a yellow fever vaccination https://t.co/xfUwG2UNKF",0.0,0.0,0.0,1.0
91,@nytimes,Tue Mar 13 00:32:04 +0000 2018,Supervolcanoes have the power to coat entire continents in ash. But they might not be as apocalyptic as previously‚Ä¶ https://t.co/8TKke5mPFd,0.5448,0.156,0.0,0.844
92,@nytimes,Tue Mar 13 00:17:07 +0000 2018,RT @nytpolitics: President Trump has abandoned his live-on-television promise to work for gun control measures that are opposed by the Nati‚Ä¶,-0.4767,0.089,0.21,0.7
93,@nytimes,Tue Mar 13 00:00:14 +0000 2018,"The idea that the ""customer is always right"" leaves servers caught in a power imbalance that has become front and c‚Ä¶ https://t.co/anoDWyzpbo",0.0,0.0,0.0,1.0
94,@nytimes,Mon Mar 12 23:47:02 +0000 2018,The United States‚Äô military capabilities still dominate Asia. But China has started to wield growing military power‚Ä¶ https://t.co/G704k2cBje,0.4588,0.214,0.071,0.714
95,@nytimes,Mon Mar 12 23:32:03 +0000 2018,How to spend 36 hours in Auckland https://t.co/Q4Drc82aHL,0.0,0.0,0.0,1.0
96,@nytimes,Mon Mar 12 23:17:01 +0000 2018,"RT @NYTObits: Oskar Gr√∂ning, a corporal in Hitler‚Äôs Waffen SS who became known as the bookkeeper of Auschwitz and was one of the very last‚Ä¶",0.0,0.0,0.0,1.0
97,@nytimes,Mon Mar 12 23:05:08 +0000 2018,"Breaking News: President Trump blocked a takeover of the chip maker Qualcomm by Singapore-based Broadcom, citing na‚Ä¶ https://t.co/tYJjVfJPRl",-0.2732,0.0,0.116,0.884
98,@nytimes,Mon Mar 12 23:02:07 +0000 2018,"‚ÄúI lied,‚Äù said the antiques dealer. ‚ÄúI cheated. I stole.‚Äù And he succeeded, temporarily. https://t.co/32gPjjA1BN",-0.128,0.155,0.182,0.663
99,@nytimes,Mon Mar 12 22:47:05 +0000 2018,Evening Briefing: Here's what you need to know at the end of the day https://t.co/utu8MTuczf,0.0,0.0,0.0,1.0
100,@nytimes,Mon Mar 12 22:32:06 +0000 2018,"Packages exploded at 2 homes in Austin, Texas, killing 1 and injuring 2. The police think they‚Äôre linked to another‚Ä¶ https://t.co/qzSRIhdbrp",-0.6597,0.0,0.196,0.804
